-- MySQL dump 10.13  Distrib 5.7.9, for Win64 (x86_64)
--
-- Host: localhost    Database: account
-- ------------------------------------------------------
-- Server version	5.6.17

/*!40101 SET @OLD_CHARACTER_SET_CLIENT=@@CHARACTER_SET_CLIENT */;
/*!40101 SET @OLD_CHARACTER_SET_RESULTS=@@CHARACTER_SET_RESULTS */;
/*!40101 SET @OLD_COLLATION_CONNECTION=@@COLLATION_CONNECTION */;
/*!40101 SET NAMES utf8 */;
/*!40103 SET @OLD_TIME_ZONE=@@TIME_ZONE */;
/*!40103 SET TIME_ZONE='+00:00' */;
/*!40014 SET @OLD_UNIQUE_CHECKS=@@UNIQUE_CHECKS, UNIQUE_CHECKS=0 */;
/*!40014 SET @OLD_FOREIGN_KEY_CHECKS=@@FOREIGN_KEY_CHECKS, FOREIGN_KEY_CHECKS=0 */;
/*!40101 SET @OLD_SQL_MODE=@@SQL_MODE, SQL_MODE='NO_AUTO_VALUE_ON_ZERO' */;
/*!40111 SET @OLD_SQL_NOTES=@@SQL_NOTES, SQL_NOTES=0 */;

--
-- Table structure for table `accountmaster`
--

DROP TABLE IF EXISTS `accountmaster`;
/*!40101 SET @saved_cs_client     = @@character_set_client */;
/*!40101 SET character_set_client = utf8 */;
CREATE TABLE `accountmaster` (
  `AccountMasterId` int(11) NOT NULL AUTO_INCREMENT,
  `AccountName` varchar(50) DEFAULT NULL COMMENT 'Account Name',
  `Address` varchar(50) DEFAULT NULL,
  `City` varchar(50) DEFAULT NULL,
  `Phone` varchar(50) DEFAULT NULL,
  `GroupMasterId` int(11) DEFAULT NULL COMMENT 'Group Name',
  PRIMARY KEY (`AccountMasterId`),
  KEY `Account_GroupMaster_idx` (`GroupMasterId`),
  CONSTRAINT `Account_GroupMaster` FOREIGN KEY (`GroupMasterId`) REFERENCES `groupmaster` (`GroupMasterId`) ON DELETE NO ACTION ON UPDATE NO ACTION
) ENGINE=InnoDB AUTO_INCREMENT=878 DEFAULT CHARSET=utf8;
/*!40101 SET character_set_client = @saved_cs_client */;

--
-- Dumping data for table `accountmaster`
--

LOCK TABLES `accountmaster` WRITE;
/*!40000 ALTER TABLE `accountmaster` DISABLE KEYS */;
INSERT INTO `accountmaster` VALUES (6,'vishal patel','aa','ss','ssss',NULL),(7,'ravi','aaa','555','55',NULL),(9,'amit','asda','123','555',NULL),(10,'poonam','charsheri','dholka','9913530151',13),(11,'Janavi','112','dholka','8888',NULL),(12,'CASH A/c','','','',NULL),(13,'Sales Account1','','','',NULL),(14,'Purchase Account','','','',NULL),(15,'Capital A/c1','','','',NULL),(17,'labour','','','',NULL),(18,'X2','','','',NULL),(19,'X3','','','',NULL),(20,'ULTRATECH CEMENT LTD','','','',NULL),(21,'cash','','','',NULL),(22,'VAHIDBHAI MALEK','SOKAT MOHHALO','MHD','98244 30701',NULL),(23,'moin raza','JIRAVAL SOCITY','','',NULL),(24,'AJITBHAI MAHIDA  ','SOJALI','','76007 64743',NULL),(25,'BHARATBHAI MAHIDA','SOJALI','MHD','81402 51031',NULL),(26,'BADALBHAI MAHIDA','SOJALI','MHD','98799 73366',NULL),(27,'DIGVIJAY DODIA (STOP)','NEW ASUTOSH SOCITY','','',NULL),(28,'MANUBHAI MAHIDA (STOP)','SOJALI','STOP','',NULL),(29,'KANUBHAI MAHIDA/291','SOJALI','MHD','97278 52728',NULL),(30,'ANVARBHAI MALEK','RUDAN','MHD','97244 28717',NULL),(31,'DR.MALEK','VHORA SO.','','',NULL),(32,'MALEKSAB KANIJ','','','',NULL),(33,'RAZUBHAI CONT (DHANA)','RAGUNATH PURA','MHD','99047 60242',NULL),(34,'SIRAZMIYA MALEK','','','',NULL),(35,'J C CHOKCY (NAVAPARA)','','MHD','',NULL),(36,'k k','','','',NULL),(37,'Arif bhai vhora','','','',NULL),(38,'jivan bhai drivar','','','',NULL),(39,'IMTIYAZBHAI MALEK (GHANTY)','','MHD','98249 96077',NULL),(40,'imran pathan khambhalivala','','khambhali','',NULL),(41,'Bhartbhai parmar (doro)','','MHD','',NULL),(42,'astha(1) STOP','ASTHA GREEN','MHD','',NULL),(43,'FIROZBHAI SHIKH (latif)','KHATREJ DARVAJA','MHD','97141 25336',NULL),(44,'JATINBHAI DARJI','','','',NULL),(45,'TOSIF VOHRA (GADYALI)','JIRAVALA','MHD','',NULL),(46,'MOSINKHAN PATHAN (STOP)','','BAKROL','',NULL),(47,'SOKAT SAIYED','SULTAN SOCITY','MHD','98797 58693',NULL),(48,'NARESHBHAI MASTER','','MHD','',NULL),(49,'RANVIR DODIA','KACHAI','MHD','',NULL),(50,'RAVJI KAKA (stop)','AANADBAG SOCITY','MHD..','',NULL),(51,'SREENATHJI (STOP)','KAPADVANJ','KAPADVANJ','',NULL),(52,'FIROJ BHAI VHORA (KOHINOOR)','','','',NULL),(53,'BHARAT BHAI SONY','','','',NULL),(54,'KADAR KAKA','','','',NULL),(55,'KHEM CHANDAR','','','',NULL),(56,'BACHUBHAI  (SANSOLI)','SANSOLI','','',NULL),(57,'IMRAN (RADHE)/1850','','MHD','',NULL),(58,'RAFIKBHAI MANSURI (MANEJAR)','','MHD','',NULL),(59,'PRASANT PATEL','','MHD','',NULL),(60,'JATIN KA-PATEL','','MHD','73834 65605',NULL),(61,'BABA MEMBER','','MHD','',NULL),(62,'KANAKSHI BHABHOR','SARDARNAGAR','MHD','',NULL),(63,'HARISHBHAI PARIKH','VIVEKAND','MHD','',NULL),(64,'SAILESHBHAI ADVOCATE','','MHD','',NULL),(65,'JAYTEE TRADARS','','VASO','',NULL),(66,'SAFIBHAI SHAIKH','NATIONAL PARK','MHD','98250 99828',NULL),(67,'NILESH BHAI VAGELA','','','',NULL),(68,'MIRA COMPLEX','','','',NULL),(69,'VIPUL PATEL','','MHD','',NULL),(70,'RASIDABEN VOHRA (NA.PA)','','MHD','',NULL),(71,'ZAKIRBHAI I PATHAN (cont)','NATIONAL PARK ','MHD','84012 89273',NULL),(72,'ANWAR NATHU','','','',NULL),(73,'AKHATAR HAFEJI','','','',NULL),(74,'HARSAD BHAI RANA','','','',NULL),(75,'RAFIK BHAI (ATAPATU)/1453','MIRA TRANSPORT','MHD','98244 31741',NULL),(76,'VITTHAL BHAI ( SANSOLI )','','','',NULL),(77,'MOLANA NAZIR','','MHD','',NULL),(78,'BHARATBHAI VIMALBHAI','SOJALI','MHD','99791 22242',NULL),(79,'moinbhai malek (sahara)','','','',NULL),(80,'FIROZBHAI ENG','RUDAN','MHD','99243 79479',NULL),(81,'SMC KESRA','KESRA','MHD','',NULL),(82,'RAZZAK HAJI','','MHD','',NULL),(83,'NISAR SAIYED','','MHD','',NULL),(84,'BHURO SENTING','ANDHEJ','MHD','97234 93310',NULL),(85,'GANI KAKA','','MHD','',NULL),(86,'VASUDEVBHAI SINDHI','','MHD','',NULL),(87,'RAZUBHAI BENKAR','','MHD','',NULL),(88,'MOHAMADHUSEN (mustakbhai)','','MHD','',NULL),(89,'RAGU BARVAD','','MHD','',NULL),(90,'RAZUBHAI KA PATEL','','MHD','',NULL),(91,'SAIYEDSAB (HOSPITAL)','','MHD','',NULL),(92,'KAMBLI','','MHD','',NULL),(93,'INAYATBHAI (MULEJ)','','MHD','',NULL),(94,'UDESING MASTER','','MHD','',NULL),(95,'AJAYBHAI SURTI','ASUTOSH SOC.','MHD','',NULL),(96,'MUNNA CONT (SAJID)','DAUD PURA','MHD','97232 56941',NULL),(97,'PRERAK DARBAR(STOP)','','MHD','',NULL),(98,'RASIK BHAI CHAVDA','','','',NULL),(99,'IRFAN BHA VHORA','KHATREJ DARVAJA','MHD','99042 89578',NULL),(100,'MEGA KAUSIK','','MHD','',NULL),(101,'RAIJIBHAI CONT SOJALI','SOJALI','MHD','97271 71012',NULL),(102,'DR.SHEKHA','','','',NULL),(103,'LALO (KANIJ)','','','',NULL),(104,'SALIM BHAI (FAR WAY)','','','',NULL),(105,'SOHEL FARM(STOP)','','','',NULL),(106,'CHANDMIYA (SOJALI)','','MHD','',NULL),(107,'BELABEN PARIKH','','MHD','',NULL),(108,'ANKIT BHAI','','','',NULL),(109,'VINUBHAI CON.','BAROTVASH','mhd','',NULL),(110,'SAMEER VOHRA ','','MHD','',NULL),(111,'keval vrajeshbhai trivedi','DESAI POLE','mhd','',NULL),(112,'SALIM MALEK (MAM)','MHD','MHD','',NULL),(113,'JAVED SAIYED (RAILWAY)','MHD','MHD','',NULL),(114,'MUKESH KARIGAR (VORVAD)','MHD','MHD','',NULL),(115,'AJITBHAI CHUHAN (ENG) ','VATHVALI','MHD','99798 53782',NULL),(116,'NAGAR PALIKA MHD','MHD','MHD','',NULL),(117,'RAZUBHAI SABUVALA','MHD','MHD','',NULL),(118,'PRASANT RATILAL','ASUTOSH SOC.','MHD','',NULL),(119,'SERA (ZAKIR)','','MHD','',NULL),(120,'ABIDBHAI SAIYED ','MHD','MHD','',NULL),(121,'AYUBKHAN PATHAN (LADEN)','DAKNIVAD','MHD','99042 69310',NULL),(122,'KHIMJI BHARVAD','MHD','MHD','',NULL),(123,'SREE ASHAPURA TRANSPORT','MODAJ','MHD','96246 32018',NULL),(124,'RAZZAK VOHRA (RIDHO)','MHD','MHD','',NULL),(125,'KAMBLI (ASHIF SAIYED)','','MHD','',NULL),(126,'CHOTABHAI (KAZISAAB)','KATKPURA','MHD','',NULL),(127,'PINTUBHAI (SOJALI)','SOJALI','MHD','',NULL),(128,'SAJID BHAI BAKKAR','','','',NULL),(129,'SALMABEN','','','',NULL),(130,'JUMMA MASJID','','MHD','',NULL),(131,'SAHYOG MARKETING(268)','','MHD','',NULL),(132,'BALDEV MASTER','','MHD','',NULL),(133,'GOGARI','MHD','MHD','',NULL),(134,'ZAKIR DISKO','','MHD','',NULL),(135,'BABULAL R GUJAR','MARUTI NAGAR SOC','MHD','98250 36179',NULL),(136,'RAZUBHAI BHARVAD','MHD','MHD','',NULL),(137,'PRAVIN G DABHI (ATUL CNG)','VIROL','MHD','',NULL),(138,'VIKASH SARMA','MHD','MHD','',NULL),(139,'PATEL KAKA (KAILASH PARK)','','mhd','',NULL),(140,'R K MAHIDA (SOKAT SAIYED)','','MHD','',NULL),(141,'RAZU KAJI','','MHD','',NULL),(142,'SOHANLAL MISTREE','','MHD','',NULL),(143,'SAIF ALI (MANUBHAI CONT)','','MHD','',NULL),(144,'RANA NEWS PEPAR','','MHD','',NULL),(145,'SMC SAKHEJ','','MHD','',NULL),(146,'KETAN SONI','','MHD','',NULL),(147,'SANGVI SAHEB','','','',NULL),(148,'MONTU (IRFAN VOHRA)','','MHD','',NULL),(149,'NATUBHAI CONT (SWAMINARAYAN SOC.)','SWAMINARAYAN SOC.','MHD','98794 39909',NULL),(150,'DILIPBHAI VAGELA','SARDAR NAGAR ','MHD','94273 84552',NULL),(151,'MILAN PANDIYA','','','',NULL),(152,'ZIGNESH BHAI (SARPANCH)','','','',NULL),(153,'MAHES KARIGAR /299','','MHD','99240 19862',NULL),(154,'KAMIL MALEK','','','',NULL),(155,'SAKINA MASJID','','','',NULL),(156,'RAVJIBHAI BHOI','','','',NULL),(157,'HASMUKHA BHAI MAHETA','SANTRAM SCHOOL','mhd','',NULL),(158,'KANTIBHAI VAGELA','','','',NULL),(159,'AFSANA FARM','','HATHIJAN','9898655151',NULL),(160,'RATILAL DR','','','',NULL),(161,'SHORAB ','','','',NULL),(162,'PARES BHAI (HARSID PARK)','','','',NULL),(163,'ZAKIR KAGDI','','','',NULL),(164,'SAIYED (BHURA NAGAR PALIKA)','','','',NULL),(165,'SMC BANGANJI NI MUVADI','','','',NULL),(166,'SAM KATKPURA','','','',NULL),(167,'SMC KATAKPURA/(GOPALBAHAI)','','','',NULL),(168,'IMTIYAZBHAI MANSURI','','','',NULL),(169,'KENAL (BABU BHAI)','','','',NULL),(170,'RAJA SAIYED(GOBLEJ/2138)','','GOBLEJ','',NULL),(171,'KAGDA SAHEB (stop)','','MHD','',NULL),(172,'AMEETBHAI (MASTER)','','MHD','',NULL),(173,'SIDDHI VINAYAK MANDIR','','MHD','',NULL),(174,'ANKITA CUNTRUCTION','','','',NULL),(175,'SAKIR SAIYED','','','',NULL),(176,'SAJID BHAI JIRAWALA','','','',NULL),(177,'MAMA AAKHE (DARGAH SARIF)','','','',NULL),(178,'SHANDKAKA','','','',NULL),(179,'HARUN BHAI CO.','KHATREJ DARVJA','MHD','97236 23202',NULL),(180,'GOPAL SUKHADIYA','','','',NULL),(181,'TAKHATSHI (JAYAMBE)','','','',NULL),(182,'TALIB HUSEN','','','',NULL),(183,'MANISHBHAI (AMBIKA)','','','98791 85169',NULL),(184,'SVAMINARAYAN MANDIR (Godasar)','','','',NULL),(185,'H.M.SHAH','','','',NULL),(186,'IMRAN (MADINA)','BILL NO 1587/1473','','',NULL),(187,'RAKES SONY','','','',NULL),(188,'SIVE CONTRACTION','MHD','MHD','97277 03410',NULL),(189,'SMC ARERI','ARERI SCHOOL','MHD','',NULL),(190,'RAMESHBHAI MISTREE','MHD','MHD','99780 76918',NULL),(191,'MUNAF MALEK','MALVAFALI','MHD','',NULL),(192,'munnabhai mansuri (STD)','MHD','MHD','',NULL),(193,'VAHID (BAPU CONT)','SAKINA MASJID','mhd','',NULL),(194,'DR.VOHRA (MANUBHAI)','MHD','MHD','',NULL),(195,'PAKO (ISVAR KARIGAR)','GODALI','MHD','',NULL),(196,'SANJAY RABARI','','','',NULL),(197,'ABUSH PLUMBAR','MHD','MHD','9898985176',NULL),(198,'KAMRI(RAJU)','','','',NULL),(199,'TALUKASALA','','','',NULL),(200,'NARENDAR VAGELA','','','',NULL),(201,'AKBAR IMASJID (1542 )','AKIL MOHMAD LALU','','',NULL),(202,'NATHU CHACHA','','','',NULL),(203,'ANNA (ANVAR SHEKH )','','','',NULL),(204,'ARIF KAKA','','','',NULL),(205,'AKIL GHADHI','','','',NULL),(206,'ASIF PATHAN (RAVAL VAS )','','','',NULL),(207,'AMIT MEGA','','','',NULL),(208,'CHANDARKANT DHABI (MASTAR )','','','',NULL),(209,'NATU BHAI JAMADAR (GOKUL )','','','',NULL),(210,'SALIM CO (DAUDPURA)','DAUDPURA','MHD','99045 94996',NULL),(211,'DAUDPURA MADRASA','','','',NULL),(212,'Salim','','','',NULL),(213,'JENTIBHAI TALATI','MHD','MHD','',NULL),(214,'MAHEMDABAD URBAN PEPOLE CO BANK','','','',20),(215,'RAJENDRA.C.KAGDA','','','',NULL),(216,'NATUBHAI (SOJALI)','SOJALI ','MHD','98793 72858',NULL),(217,'kheda jilla shakari sang nadiad','','','',NULL),(218,'SWAGAT RECIDENCY ','MARUTI ','MHD','98254 75171',NULL),(219,'SMC CHAPRA ','','','',NULL),(220,'IQBAL ( ATUL SAKTI )','','','',NULL),(221,'SANAT KAKA (ASTHA)','ASTHA GREEEN ','MHD','',NULL),(222,'SALIMBHAI ( KANEYA JUSWALA )','','','98255 33362',NULL),(223,'HUSENI MASJID','','','',NULL),(224,'PRAKASHKAKA (SWAMINARAYAN MANDIR )','','','',NULL),(225,'NASIMAAPA SAIYED ','MOTIVAHORVAD','','',NULL),(226,'BHAVSAR ( BAPU CO )','','','',NULL),(227,'BHALABHAI CO  (SOJALI )','SOJALI','MHD','96243 15534',NULL),(228,'BHARATBHAI THAKAR (RAMESMISTRY)','','','',NULL),(229,'ASRAFBHAI MANSURI','','','',NULL),(230,'MUNIR  PASWALA (PRAIM )','','','',NULL),(231,'NILESHBHAI (ADVOCET)','GOKULNAGAR','','',NULL),(232,'MADAN MISTREE(181/42/286)','','MHD','',NULL),(233,'UDABHAI ASTHA(74)','','MHD','',NULL),(234,'ILYASHBHAI JIRAVALA(206)','','MHD','',NULL),(235,'SAJIDBHAI VOHRA (SAJAN/183/502)','','MHD','',NULL),(236,'PRAVIN CHUHAN (190)','','MHD','',NULL),(237,'RAJU (VC) (321)','','KACHAI','97375 57045',NULL),(238,'PALBHAI TELEPHONE (287)','','SWAMINARAYAN','',NULL),(239,'JAVED VOHRA (330)','','AMAN PARK','9904010150',NULL),(240,'BABUBHAI MALEK POLTREE(349)','','MHD','',NULL),(241,'SALIMBHAI FORMEN (GHANTI/354)','','MHD','',NULL),(242,'VHORA CLINIC (MALWAFALI)','','','',NULL),(243,'ABDULBHAI (MAHEK )','','','9974971111',NULL),(244,'ARPAN PATEL ( KACHAI )','','','',NULL),(245,'ASAPURA (DAJIPURA )','','','',NULL),(246,'MUKESH KHALASI','','','',NULL),(247,'KALUBHAI (SEVADAL)','SEVADAL ROAD','MHD','',NULL),(248,'MANUBHAI CONT (SOJALI)','SOJALI','MHD','96249 32024',NULL),(249,'KANUBHAI (MASTAR)','','','',NULL),(250,'FUDALMATA (BHARTBHAI )','','','',NULL),(251,'RIZVAN VHORA (R.K)','','','99781 13311',NULL),(252,'JASUBHAI PANGAR (JASU CHAPAL )','','','',NULL),(253,'GODALI (DUDHA UTPADAK MADLI )','','','',NULL),(254,'VIPULBHAI THAKKAR (SAKTI PLAYWOOD)','','MHD','',NULL),(255,'SALLU/KAMBLI','SOKAT FALIYU','MHD','97377 73007',NULL),(256,'JENUL KAZI','','','',NULL),(257,'NAGIMBHAI MALEK','','','',NULL),(258,'LATIFKHAN .S. (ANDHEJ)','','','96017 98656',NULL),(259,'MAKDUM MALEK (SK)','','HINA PARK','',NULL),(260,'AYUB.M.MALEK (RAHEMATNAGAR )','','','',NULL),(261,'AJITBHAI HAJI NAZIRMIYA MALEK','SOKAT FALIYU','MHD','',NULL),(262,'IMRAN MALEK (ATAPATU)','DHAKNIVAD','MHD','',NULL),(263,'FARUK KAZI ','KAZI NO MOHLLO','MHD','',NULL),(264,'SAJID JIRAVALA(BIPIN)','JIRAVALA PARK','NHD','',NULL),(265,'NAZIRODDIN KAZI','SAKINA MASJID','MHD','7779059510',NULL),(266,'ALTAFBHAI GHANDI','JIRAVALA PARK SOC.','MHD','96249 38786',NULL),(267,'BHANUBHAI CONT','SALUN','','93759 64439',NULL),(268,'DINESHBHAI CONT','SOJALI','MHD','98246 45657',NULL),(269,'KALPESH BHAI CONT','PANDYA POLE','MHD','99244 68833',NULL),(270,'MAHENDRA CONT (bakulbhai sarma)','MALVAFALI','MHD','99241 74919',NULL),(271,'NAZIRMIYA MALEK CONT','KATAK PURA','MHD','97377 56117',NULL),(272,'RASESH SHAH ','BAPUKAKA SOC.','MHD','99798 74062',NULL),(273,'RAVI KAHAR','BHOIVADO','MHD','96240 54499',NULL),(274,'ASIF ( FAKIRA )','','','',NULL),(275,'javed master (hansaba)','BANGALJI NI MUVADI','mhd','',NULL),(276,'RAVJIBHAI MANIBHAI DABHI/325','ANAND NAGAR SOC.','MHD','',NULL),(277,'MUKES (AASTHA )','','mhd','81539 78986',NULL),(278,'BHAILALBHAI PATEL','AASTHA B/52','','',NULL),(279,'JAYNTIBHAI RAVJIBHAI VAGELA','','','',NULL),(280,'YUNUSBHIA (GIRAWALA )','','','',NULL),(281,'MISRASAHEB (JAMADAR)','','','',NULL),(282,'MALEK SALIMMIYA.M.(KAZISAB)','KATAKPURA','','9825981923',NULL),(283,'MANHARBHAI (G.E.B)','','MHD','',NULL),(284,'KIRAN CHAVDA','','','',NULL),(285,'PARESKAKA (URBAN BANK )','NAVJIVAN','MHD','',20),(286,'ZIGNESHBHAI ( KEALASHPARK )','','','',NULL),(287,'SATAAR POSTWALA (VHORA SO. )','','','',NULL),(288,'YASINBHAI MARUTI (1182)','VORA SOC.','MHD','',NULL),(289,'UDESHI (KACHHAI |)','','','',NULL),(290,'RAMESBHAI GULABHAI CHOHAN','','','',NULL),(291,'ASTHA (1) NILL','','MHD','',NULL),(292,'PRABHATBHAI KHODABHAI COHAN( LAXMIPURA','','','',NULL),(293,'JASUBHAI SABABHAI CHAUHAN (AJITBHAI)','GHODALI','MHD','97125 16639',NULL),(294,'RAJKUMAR (PEINTAR )','','','',NULL),(295,'RAHEMTULLA PATHAN','','','',NULL),(296,'VIJAY PLASTIC','','','',NULL),(297,'JAYDIP MINILAL MAKWANA(MAHESH KARIGAR )','','','',NULL),(298,'VIPUL MISTRY','VADADARAVAD','MHD','98246 18286',NULL),(299,'HIRABHAI TALATI (AASTHA 40 )','','','',NULL),(300,'AJITBHAI CO. ( MAHENDAR BHAI |)','','','',NULL),(301,'ADNANKHAN Y PATHAN','SOKAT FALIYU','MHD','',NULL),(302,'SANABHAI CONT','SOJALI','MHD','97264 09025',NULL),(303,'MANUBHAI CON (HUSENI KBRASTAN)','MHD','MHD','',NULL),(304,'pachabhai bharvad','MHD','mhd','',NULL),(305,'SOKATMIYA (KESARA )','','','',NULL),(306,'SANKARBHAI NANKVANI','','','',NULL),(307,'BADALBHAI SABABHAI CHAUHAN','GODALI','MHD','99255 85672',NULL),(308,'YASIN.G.MALEK (MALEK KIRANA )','','','',NULL),(309,'SALIMBHAI KATAKPURA(KAZISAAB)','','MHD','',NULL),(310,'SAJID MIRJA','','','',NULL),(311,'HAJIBAVA','','','',NULL),(312,'MUKA SAIYED (SONARIYA )','','','',NULL),(313,'HINGU','','','',NULL),(314,'PAPUBHAI SAIYED','','','',NULL),(315,'NAGIN VAGELA','','','',NULL),(316,'BAKRA FARM','','','',NULL),(317,'FAKRUDDIN MALEK (JIRAWALA )','','','',NULL),(318,'KARIMKHAN','','','',NULL),(319,'RAMANBHAI AMBALAL PATEL(JAYAMBE)','','','',NULL),(320,'PANCHMUKHI HANUMAN MANDIR','','','',NULL),(321,'AKIL VHORA (VHORA SO )','','','',NULL),(322,'KIRATIBHAI CHAVDA (GAYTRI SO )','','','',NULL),(323,'PRAKAS HINGU','','','',NULL),(324,'AZHARBHAI (A\"BAD)','A,BAD','AHEMDABAD','96247 29400',NULL),(325,'SAJIDBHAI BAAKKR(RAFIKBHAI GHANDHI','JASMIN','MBAD','',NULL),(326,'ASIFHUSEN (NAZIRODIN )','','','',NULL),(327,'SREE RAM TREDING CO.(HALDARVAS )','','','98981 06810',NULL),(328,'BHARATBHAI RAMANBHAI ','SOJALI','MBAD','99247 88385',NULL),(329,'SATARBHAI (PHOTA WALA )','','','',NULL),(330,'GOPAL SARMA (TETO )','','','',NULL),(331,'SOHIL MALEK(FORMAN)','','','',NULL),(332,'SUNILBHAI MASTER (KHEDA )','','','',NULL),(333,'MANUBHAI( JITUBHAI .L I C )','HARSIDDH PARK','mhd','92282 35129',NULL),(334,'KAZI HABIBANNISHA','','','',NULL),(335,'AFZALBHAI PATHAN (JIRAWALA )','','','',NULL),(336,'VISNU BHAI VAGELA (GOPAL )','','','',NULL),(337,'BHARATBHAI MOHANBHAI VAGELA','','','',NULL),(338,'BASIR KAKA','KATREJ DARVAJA','MHD','',NULL),(339,'SREE KHODIYAR TRANSPORT','','','',NULL),(340,'HOTEL GREEN PLAZA','KHATREJ CHOKDI','','95749 79786',NULL),(341,'SADARUBHAI CO','','','99045 95025',NULL),(342,'MOHAMADHUSEN YAKUBBHAI','RAHEMAT NAGAR','MHD','',NULL),(343,'CHANDRAKANT (CHAVDA SO )','','','',NULL),(344,'S B DHABHI','','MHD','',NULL),(345,'VITHHAL MEGHA (869)','','MHD','',NULL),(346,'IMRAN PLUMBAR (SULTAN)','','MHD','98987 55193',NULL),(347,'PANKAJBHAI (COVER BLOCK)','','KAPADVANJ','98258 88322/98257 88322',NULL),(348,'MUSTUFAMIYA PIRSAABMIYA SHEKH','','MHD','83472 63766',NULL),(349,'IQBALBHAI (BAFELO FARM)','','MHD','',NULL),(350,'GAFURBHAI(DHAN SUKH NA PA)','','MHD','',NULL),(351,'DILIPBHAI SOMABHAI (LALO DRIVAR)','MHD','MHD','',NULL),(352,'SURESH (EMPLOEE)','','MHD','',NULL),(353,'SUNIL PATEL (V T)','','MHD','',NULL),(354,'HIMANSU  J PATEL','BAPUKAKA SOC.','MHD','',NULL),(355,'MUKESHBHAI PRATAPBHAI VAGELA','GOLIBARNO TEKRO','MHD','',NULL),(356,'VIKASH JOSHI','VIVEKANAND SOC./30','MHD','',NULL),(357,'KISAN RANA','','MHD','',NULL),(358,'RAMESHBHAI NANKVANI','SWAMINARAYAN','MHD','',NULL),(359,'RANA PEPAR','','MHD','',NULL),(360,'HASMUKHABHAI.S.PARMAR(MUDULPARK 25)','','','',NULL),(361,'DHANSUKHA BHAI (NAGAR PALIKA)','','','',NULL),(362,'HUSEN BHAI (JIN )','','','',NULL),(363,'RANCHODBHAI BABABHAI (KANIJ)','KANUBHAI CON','KANIJ','99981 41518',NULL),(364,'PRAGNESH JOSI','','','',NULL),(365,'AZIMBHAI MALEK (MALVAFALI)','','MHD','',NULL),(366,'MANUBHAI KHANABHAI (HAUSING)','','MHD','97237 59624',NULL),(367,'AHEMAD CHACHA (MALVAFALI)','','MHD','',NULL),(368,'NYAL KARAN SCHOOL','MHD','MHD','2694',NULL),(369,'TARUN CONTRUCTION','VATHVALI','MHD','99798 53782',NULL),(370,'RAJUBHAI GULAMRASUL SHEKH','KAZISAAB','','',NULL),(371,'BHARATKUMAR K DABHI','BAVRA','MHD','81404 80024',NULL),(372,'KANUBHAI FATABHAI ','BAVRA','MHD','97373 16976',NULL),(373,'JABIRBHAI USMANBHAI MALEK','','MHD','98797 92372',NULL),(374,'JITUBHAI MOTIBHAI SODHAPARMAR','','MHD','99048 83357',NULL),(375,'SHARUKH MAHEBUBKHAN PATHAN','','MHD','97145 79512',NULL),(376,'RAMMESHBHAI RAVJIBHAI','','MHD','96245 66060',NULL),(377,'BIPINBHAI TISARAM','','MHD','99045 95015',NULL),(378,'KANJIBHAI BACHUBHAI','','MHD','999044 87630',NULL),(379,'KUTBUDDIN MALEK ','','MHD','70411 01056',NULL),(380,'BABU RAMSING BHOI','','MHD','97249 05135',NULL),(381,'KANTIBHAI MISTREE','HARSIDDH PARK','MHD','97140 24850',NULL),(382,'ZAHIRMIYA GAFURMIYA MALEK','','MHD','97232 56941',NULL),(383,'ABIDMIYA NASIRMIYA MALEK','','MHD','83471 81028',NULL),(384,'AAMIRKHAN PATHAN','','MHD','99786 47999',NULL),(385,'KANUBHAI KARIGAR','','MHD','83470 45721',NULL),(386,'SURESHBHAI AMBALAL','','MHD','81402 27922',NULL),(387,'ISVARBHAI RAIJIBHAI THAKOR','RAVALVAS','MHD','97143 79544',NULL),(388,'RAMESHBHAI RAVJIBHAI','','MHD','96245 66060',NULL),(389,'SANTILAL PUNAMBHAI','','MHD','99040 16265',NULL),(390,'SURESHBHAI KARIGAR','','MHD','99044 35952',NULL),(391,'BHATHIBHAI ','','MHD','97146 75778',NULL),(392,'RAVI KAHAR','','MHD','96240 54499',NULL),(393,'MUSTUFA MANSURI (ENG)','','MHD','90338 85626',NULL),(394,'AMRATBHAI VAGELA','','MHD','98243 35384',NULL),(395,'SUMITBHAI R GOHEL','VERAI MATA ','MHD','',NULL),(396,'MAKSUDBHI (BHANGARVALA)','','MHD','8140743923',NULL),(397,'BABUBHAI DALVADI','','MHD','',NULL),(398,'FAKIRA MATAN','YUNUSH','MHD','',NULL),(399,'MAHENDRASHI (YOGI POLLY PLASTIC)','CHAPRA','MHD','99798 69411',NULL),(400,'SALIM DIVAN','DAUDPPURA','MHD','90332 55357',NULL),(401,'PARTH TREDING CO ','KHATREJ CHOKDI','MHD','98250 44522',NULL),(402,'KALIDASH (KK)','GANTI VALA','MHD','',NULL),(403,'JAVED MALEK (R K )','YAKUBPURA SCHOOL','MHD','',NULL),(404,'PRADIPBHAI KA PATEL (JATIN)','','MHD','',NULL),(405,'LALO MANDAP (SARVODAYA)','','MHD','',NULL),(406,'SOHIL JIRAVALA','','MHD','',NULL),(407,'MAHESHKUMAR POPATLAL PARMAR','NANI HAUSING(AMUL)','MHD','81414 19306',NULL),(408,'GULABBHAI RAMABHAI ','AMRAPURA','MHD','',NULL),(409,'RAMESHBHAI TALATI (KK)','','MHD','',NULL),(410,'CHANDUBHAI (G.E.B)','KAILASH PARK','MHD','',NULL),(411,'DHIRAJBHAI PATEL (1008)','UNDA FALIU','MHD','',NULL),(412,'IRFAN MALEK (1152)','SOKAT FALIU','MHD','',NULL),(413,'ISMAILBHAI KAPADIYA(1111)','','MHD','',NULL),(414,'LIMBUCH HAIR (1202)','','MHD','',NULL),(415,'PARESH BAG (A/5)','','MHD','',NULL),(416,'PAPPUBHAI PATEL(MAKVA/72/854)','VIVEKAND SOC.','MHD','',NULL),(417,'SOHRABALI HAJISAAB/1371','','MHD','',NULL),(418,'SALIM F MALEK/188','','MHD','',NULL),(419,'ZAKIRBHAI SAHIKH/1381','ANNA','MHD','',NULL),(420,'RIYAZ MALEK (RK MANDAP/845','','MHD','',NULL),(421,'RAJUBHAI PATEL/678','','MHD','',NULL),(422,'SAHEZAD UT /1137','','MHD','',NULL),(423,'ZAKIRBHAI CO (SERBANU)','VALIKHAN','MHD','',NULL),(424,'SREENATHJI MARKETING','','KAPADVANJ','',NULL),(425,'GANESHBHAI BUDHABHAI ZALA','ASTHA','MHD','97375 16435',NULL),(426,'KESRA FARM','KESRA','MHD','84690 05936',NULL),(427,'LAKHABHAI CHASMAWALA','BHULAPOLE','MHD','',NULL),(428,'SAILESHBHAI PATEL','VAGJI POLE','MHD','',NULL),(429,'YUNUSH VOHRA (NABIJI)','JIRAVALA','MHD','',NULL),(430,'B N PROJECT PVT LTD (1/4/2016)','ASTHA GREEN','MHD','',NULL),(431,'sansoli dhudh utpadak mandali','SANSOLI','mhd','',NULL),(432,'RAZA (DRIVAR)','','MHD','',NULL),(433,'RABIJ HAFEJI','','MHD','',NULL),(434,'kanu bhoi ','','mhd','',NULL),(435,'RAMESHBHAI KHALASI','NAVJIVAN SOC.','MHD','24ADVPK9600N1ZX',NULL),(436,'JIGNESHBHAI P MAKVANA','SARVODAY SOC.','MHD','7874853030',NULL),(437,'ROHITBHAI SETH','NAVJIVAN SOC.','MHD','94274  03400',NULL),(438,'MILAN JOSHI ','ASUTOSH-1','MHD','',NULL),(439,'SALIM DAUDPURA (MUNNABHAI)','','MHD','96874 81740',NULL),(440,'ASHISH MAHETA ( NA PA)','','MHD','',NULL),(441,'RAZZAKBHAI JIRAVALA','JIRAVALA','MHD','99137 66330',NULL),(442,'RAUFBHAI MALEK (ISAK)','','MHD','',NULL),(443,'BABULBHAI SAIYED','MALVAFALI','MHD','',NULL),(444,'MAHENDRABHAI BHATT','','MHD','97269 67677',NULL),(445,'MK SAIYED','MALVAFALI','MHD','99258 78786',NULL),(446,'MUSTUFABHAI','','MHD','',NULL),(447,'ANAND ENTERPRISE','ANAND','ANAND','96876 06351',NULL),(448,'NUTAN NAGRIK SAHKARI CO OP SOC.','MAHENDRA KAKAD','MH','',NULL),(449,'AJITBHAI (CASH) YK','MALVAFALI','MHD','',NULL),(450,'SOHIL FARM','','MHD','',NULL),(451,'KASIM HAFEJI','VORVAD','MHD','',NULL),(452,'MISSSING ','','','',NULL),(453,'CHIMANBHAI DAHYABHAI SODHA','','MHD','',NULL),(454,'GOVINDBHAI SANKARBHAI CHAVDA','KATAKPURA MUVADI','MHD','81416 03705',NULL),(455,'PRATAPBHAI BHALABHAI CHAVDA','KATAKPURA MUVADI','MHD','',NULL),(456,'GULJARI KAKA','','MHD','',NULL),(457,'PANCHOLI','','MHD','',NULL),(458,'ASHOKBHAI PAREKH','SWAMINARAYAN SOC','MHD','',NULL),(459,'vijay vagela','','','',NULL),(460,'PRAKASH PATTARVALA','','MHD','',NULL),(461,'IQBAL BHATIYARA','','MHD','',NULL),(462,'DEVU DABHI','GODALI','MHD','96249 77612',NULL),(463,'AJIT GANIBHAI VOHRA','','MHD','99248 89768',NULL),(464,'VINOD KAHAR','','MHD','',NULL),(465,'ANKIT KA PATEL','DENI TELOR','MHD','',NULL),(466,'KARSAN BHARVAD','','MHD','',NULL),(467,'MUKESHBHAI B PRAZAPATI','','MHD','',NULL),(468,'MUSTAKBHAI GHANDI','JASMIN','MHD','',NULL),(469,'DEVSHIBHAI JAGABHAI BHARVAD','MHD','MHD','',NULL),(470,'ASIFBHAI SANGAR','MHD','MHD','',NULL),(471,'AKBAR MALEK (S R P)','','MHD','',NULL),(472,'RAJUBHAI DHABHI (AJIT ENG)','MHD','','',NULL),(473,'ASIK MALEK (SABAR)','','MHD','',NULL),(474,'DIPAKBHAI (KANIJ)','','MHD','',NULL),(475,'ARJUNBHAI (SAGAR PRO)','','MHD','',NULL),(476,'MAHESHBHAI MAHETA (PATRAKAR)','','MHD','',NULL),(477,'RAJUBHAI (27/ K.PARK)','','MHD','',NULL),(478,'BHARATBHAI PUJABHAI (GODALI)','GODALI','MHD','',NULL),(479,'BHAVESHBHAI PRAJAPATI','AHEMDAVAD','MHD','94268 47070',NULL),(480,'GIRISHBHAI SONI ','','MHD','',NULL),(481,'IMTIYAZBHAI (RAJ TRADING CO)','','MHD','',NULL),(482,'HUKAJI BABAJI THAKOR ','ANIYAL (VORAJI)','NHD','97253 14570',NULL),(483,'LOGI CONT','','MHD','',NULL),(484,'HASMUKBHAI (SENTXEVIRS)','','NHD','98791 27075',NULL),(485,'GAURAVKUMAR LALLUBHAI','SARVODAY','MHD','81539 31861',NULL),(486,'UDESHI (GRIN PLAZA)','','MHD','',NULL),(487,'MANOZBHAI SAHEB','','MHD','',NULL),(488,'PUNAM VANAND','','MHD','',NULL),(489,'MGVCL ( H B PATEL)','','MHD','98251 10635',NULL),(490,'LALIT M BHOI','BHOI VADO','MHD','84018 98026',NULL),(491,'RAJUBHAI (STILL)','','MHD','',NULL),(492,'NURESHBHAI KHALIFA','','MHD','',NULL),(493,'JALAL SAIYED','MHD','MHD','',NULL),(494,'ZAKIRBHAI CONT (KABRSTAN)','','MHD','',NULL),(495,'ISVAR MARVADI(KISAN)','','MHD','',NULL),(496,'ATUL SAKTI','','','',NULL),(497,'PRAMODBHAI KHALASI','','MHD','',NULL),(498,'SMC JIBHAI PURA','','','',NULL),(499,'CHAMAN BEKARY','','','',NULL),(500,'LALIT K NANKVANI','','','',NULL),(501,'MEERA TRANSPORT','','','98244 31741',NULL),(502,'DIVYANG PANDYA','MUDUL PARK','MHD','',NULL),(503,'LILLAH A/C','','','',NULL),(504,'JIGNESHBHAI  (DIVYA BHASKAR)','','MHD','',NULL),(505,'DILIPBHAI KA-PATEL','SWAMI NARAYAN','MHD','',NULL),(506,'SUJAKHAN KABRASTAN','HARISH POLICE','MHD','',NULL),(507,'RAHUL PATEL (DHARA SAYBAR CAFE)','MUDUL PARK','MHD','98986 60995',NULL),(508,'NAREDRABHAI ','GAYTREE SOCITY','MHD','',NULL),(509,'HABIB SAIYED','MALVAFALI','MHD','',NULL),(510,'LALJIBHAI VAHJIBHAI RABARI','KANIJ','MHD','97141 82861',NULL),(511,'MARUTI TREDARS','MOHANBHAI','MHD','94270 41261',NULL),(512,'KETANBHAI (ANKITA)','','MHD','84600 64067',NULL),(513,'VARSAHBEN PATEL','','','',NULL),(514,'MOTIBHAI KARIGAR','','MHD','',NULL),(515,'BIRLA WHITE UBS','','','',NULL),(516,'RAFIKCHACHA(SANABHAI R DABHI)','GOLIBAR NO TECRO','MHD','99040 44115',NULL),(517,'CHOISE TELOR','','MHD','',NULL),(518,'KAMALBHAI POP ','KAILASH PARK','MHD','',NULL),(519,'SURESH ODD','','MHD','99246 71234',NULL),(520,'VISHALBHAI SHAH','PARASH KUI','MHD','',NULL),(521,'SATISHBHAI MASTER','HARSIDDH PARK','MHD','',NULL),(522,'dineshbhai jetvani','NAVJIVAN SOC','MHD','',NULL),(523,'PRAJAPATI BALDEVBHAI','KAILASH PARK','MHD','',NULL),(524,'SAMIR MALEK (HUMAYU)','','MHD','',NULL),(525,'LALLU (HUSEN) DIVAN','','MHD','',NULL),(526,'JIGNESHBHAI  (ARADANA)','','MHD','',NULL),(527,'LAXMAN KARIGAR','','MHD','',NULL),(528,'MOHANBAHI BHARVAD','','MHD','',NULL),(529,'ASHOKBHAI  KHALASI','','MHD','',NULL),(530,'ABEDIN MALEK','','MHD','',NULL),(531,'VARISHBHAI BOMBEVALA','JASMIN SOC','MHD','',NULL),(532,'SWASTIK TELORS','','','',NULL),(533,'GULABBHAI U SEKH','KANIJ','MHD','97230 95237',NULL),(534,'GUNVANT LAL DARJI','','MHD','',NULL),(535,'MANSUR AUTO','','MHD','',NULL),(536,'RITESH TRIVEDI','11-JAY AMBE','MHD','',NULL),(537,'SAJIDBHAI (RAJA)','IQBAL SREET','MHD','',NULL),(538,'ILMUDDIN CONT (HAJISAAB)','NATIONL PARK','MHD','97235 69086',NULL),(539,'SREE BARGAM DASA NAGAR VANIK MITRA MANDAL','','','',NULL),(540,'budhabhai sababhai','GODALI','mhd','97142 23470',NULL),(541,'PUJALAL M PARMAR','7/GOKUL NAGAR','MHD','99242 04636',NULL),(542,'HANUMAN MANDIR','','MHD','',NULL),(543,'PRAJAPATI KANTIBHAI','','MHD','',NULL),(544,'PANKAJBHAI PATEL','13/ASTHA','MHD','',NULL),(545,'AMBIKA DAIRY','','MHD','',NULL),(546,'SABBIRBHAI VOHRA','','MHD','',NULL),(547,'MAHEMUDBHAI MALEK (LILY)','MALEK VAD','MHD','',NULL),(548,'AARIFBHAI VILAYAT MALEK','MALEK VAD','MHD','',NULL),(549,'PRAJAPATI RAJESHBHAI','','MHD','',NULL),(550,'SANKAR MAMA','MUDUL PARK','MHD','',NULL),(551,'SMC SAMASPUR','SAMASPUR','MHD','',NULL),(552,'MUFID BHAI (MALVAFALI)','MALVAFALI','MHD','',NULL),(553,'SAJIDBHAI (MUFIDBHAI)','MALVAFALI','MHD','98987 50602',NULL),(554,'RAHAT MEDICAL','','MHD','',NULL),(555,'SATISH KACHIYA','','MHD','',NULL),(556,'MAHARAJ (KANIJ)','KANUBHAI CONT','MHD','',NULL),(557,'BABANBHAI MALEK ','SOKAT FALIU','MHD','',NULL),(558,'MOLANA (VARSOLA)','VARSOLA','MHD','',NULL),(559,'NIRAV C A','','','MHD',NULL),(560,'DASRATH VAGELA','','MHD','',NULL),(561,'RAKESHBHAI (BHULA POLE)','BHULA POLE','MHD','98246 83301',NULL),(562,'JITUBHAI VANDRA','ASUTOSH/2','MHD','',NULL),(563,'jasubhai jamadar','GOKUL /5','MHD','',NULL),(564,'HUSEN CHACHA','SULTAN SOC','MHD','',NULL),(565,'RAMESHBHAI SAKRABHAI DABHI','TEKRIO','MHD','95742 36883',NULL),(566,'RAJ KUMAR','KAILASH PARK','MHD','90996 39473',NULL),(567,'SAMIM GAVNDAR','NANI VORVAD','MHD','',NULL),(568,'sakirbhai ','','mhd','',NULL),(569,'SAFIBHAI (BATUK)','JIRAVALA','MHD','',NULL),(570,'mansuri ','','mhd','97143 63242',NULL),(571,'DR MAHESH L BANKER','','MHD','',20),(572,'PARESHBHAI DARJI',' 15/KAILASH PARK','MHD','99258 09973',NULL),(573,'RAJUBHAI KOTA','KAILASH PARK/36','MHD','99790 71024',NULL),(574,'HANIF SINDHI','JIRAVALA ','MHD','',NULL),(575,'KAMBLI(BHADURBEG MIRJA)','JASMIN','MHD','97377 73007',NULL),(576,'K K (GANTI)','','MHD','',NULL),(577,'VARSOLA DARGAH SARIF','VARSOLA','MHD','97373 28127',NULL),(578,'BADESIH MANILAL ZALA','POPATPURA BARMUVADA','MHD','78748 53834',NULL),(579,'PATHAN FRUIT VALA','','MHD','',NULL),(580,'J K SHAH','ASUTOSH/1','MHD','',NULL),(581,'RAJNIKANT V PARMAR','25/GAYTREE SOC.','MHD','97257 61067',NULL),(582,'PRADIPBHAI PATEL (LIC)','71/NARAYAN SOC','MHD','',NULL),(583,'PARASH PATEL','NAVJIVAN','MHD','99987 68477',NULL),(584,'GANESHBHAI AMBUBHAI BHOI','BHOI VAD','MHD','92751 97459',NULL),(585,'KIRITBHAI SARMA','21--22/KAILASH PARK','MHD','98254 75171',NULL),(586,'BHURABHAI (BHURA MOBAIL)','','MHD','',NULL),(587,'IDRISHMIYA JANGIRMIYA(MUNNA CONT)','MALEKVAD','MHD','96013 14107',NULL),(588,'VARISH F MALEK (PSI) ','BHAMRIO KUVO','MHD','',NULL),(589,'ALAP TELORS','MHD','','',NULL),(590,'AKHTAR SODAGAR','','MHD','',NULL),(591,'ASHOKBHAI VINBHAI VAGELA(KANU KAHAR)','VADVALO KUVO','MHD','83471 53812',NULL),(592,'PARMAR (RTO)','GAYTREE SOC.','MHD','',NULL),(593,'DILAVARKHAN PATHAN','','MHD','',NULL),(594,'ISUBBHAI (STILL)','KATREJ DARVAJA','MHD','83474 19903',NULL),(595,'JAVED MASTER','','MHD','',NULL),(596,'AKILMIYA B MALEK ','BHAMRIYO KUVO','MHD','99045 45687',NULL),(597,'FAKIR MAHOMMAD MANSURI','KHATREJ DARVAJA','MHD','81408 67772',NULL),(598,'MAFABHAI (BHAJI PAW WALA)','VYAS VADO','MHD','',NULL),(599,'manzur saiyed','MALWAFALI','','',NULL),(600,'JAGDISHBHAI VAGELA (MUKESH)','','MHD','',NULL),(601,'SAIDMIYA (JINNAT)','JINNAT PARK','MHD','',NULL),(602,'HASAN CHACHA','','','',NULL),(603,'GUJRAT SODA','VORVAD','MHD','',NULL),(604,'MANHARBHAI C VAGELA','30/A GOKUL NAGAR','MHD','',NULL),(605,'BHATT BHANGARVALA','GOKUL','MHD','',NULL),(606,'ARVINDBHAI BABUBHAI DABHI','MODAJ','MHD','99244 95489',NULL),(607,'FULCHAND MISTEE','KAILASH PARK','MHD','',NULL),(608,'HANIF BABUBHAI SEIKH','JIRAVALA','MHD','',NULL),(609,'piyus master','','','',NULL),(610,'MAHESHBHAI SANKARBHAI DABHI','KHODIYAR NAGAR','MHD','',NULL),(611,'UMEDSHI ','KAYLASPARK','','',NULL),(612,'SATISH CHODHARY','','PATAN','9979888230',NULL),(613,'Bhalabhai Juvanshi','','','',NULL),(614,'MAHESH(SANABHAI ANKIT NAGAR)','ANKIT NAGAR','','',NULL),(615,'KHODIYAR MATA','','','',NULL),(616,'SANGRAMSHI BAPU','MUDUL PARK','MHD','8141316640',NULL),(617,'ANILBHAI KA PATEL','','','',NULL),(618,'SAMIR MALEK (SAKBHAJI)','','','',NULL),(619,'VIJAY KAHAR','BHOIVADO','MHD','',NULL),(620,'KAMAL NANKVANI','','','',NULL),(621,'GIRIRAJ ELECTRICAL','2/RUTURAJ','MHD','',NULL),(622,'AKHTARBHAI F SINDHI','ZINNAT','MHD','',NULL),(623,'NAZIRMIYA SARFUMIYA MALEK ','KATAK PURA','MHD','99251 65154',NULL),(624,'KAZISAB (MALVAFALI)','','','',NULL),(625,'Rameshbhai (khodiyar nagar )','','','9574236883',NULL),(626,'PINTUBHAI','DRUFALIYA','MHD','',NULL),(627,'JIYOTI ELECTRONIC','','','',NULL),(628,'KANUBHAI SANTILAL','ABHINANDAN SOC','MHD','94265 91713',NULL),(629,'ABIDBHAI NURMOHAMAD','','MHD','83474 52788',NULL),(630,'GOPALBHAI G PANCHAL','NAVAPARA','MHD','93776 40063',NULL),(631,'SAFIBHAI MAHENDHI','','MHD','',NULL),(632,'KASIM (BHARAT MEDICAL)','','MHD','',NULL),(633,'kadar vohra (veldar)','','','',NULL),(634,'KALPESH SARVAIYA','','MHD','',NULL),(635,'PUNAMBHAI CONT (SANSOLI)','','MHD','99097 98115',NULL),(636,'SMC MAGANPURA','MAGANPURA','MHD','',NULL),(637,'MOLANA (NAIADI ARVAJA MASJID)','','','',NULL),(638,'JENAJI FULAJI CHAUHAN ','LAXMIPURA','MHD','97233 37741',NULL),(639,'GHADVI SAHEB (HOME GARD)','GADVI SOC','MHD','',NULL),(640,'ANVARBHAI BACHUMIYA MALEK','VAV FALIYU','MHD','',NULL),(641,'TARESH BHAI','KACHERI DARVAJA','MHD','',NULL),(642,'MOHSIN PATHAN (ADVOCATE)','','','',NULL),(643,'BARIYA SAHEB ','BAPUKAKA','MHD','',NULL),(644,'salim saiyed','MALA','mhd','89892',NULL),(645,'IMTIYAZBHAI MANSURI (CHAROTAR BANK)','NAZMA PARK','MHD','',20),(646,'MUNNA MALEK','MALEK VAD','MHD','',NULL),(647,'KISOR CHANDUBHAI RANA','','MHD','',NULL),(648,'SAJIDBHAI MALEK (MEMBAR)','PRAIM','MHD','',NULL),(649,'H M DEVLOPERS','AHEMDAVAD','ABAD','93746 26860',NULL),(650,'JOY LAKDAVALA','','MHD','',NULL),(651,'YASINBHAI BACHUBHAI VOHRA','KHTREJ DARVAJA','MHD','',NULL),(652,'JANAK RAMI','','','',NULL),(653,'MANISHBHAI JAGPATH (GOBLEJ)','VIVEKAND SO/13','MAHEMADABAD','9879107474',NULL),(654,'KALU (TECTOR)','','MHD','81402 42753',NULL),(655,'HUMAU MALEK','','','',NULL),(656,'KAMLESHBHAI.KA.PATEL','','','',NULL),(657,'HARIS MALEK','SOKAT FALIYU','MHD','',NULL),(658,'MOHAMMADI MASJID','DAUDPURA','','90337 99758',NULL),(659,'PRAIM','','','',NULL),(660,'MOLIYAKUVA KABRASTAN','','MHD','',NULL),(661,'ANVERSAHID DARGAH','','','',NULL),(662,'IQBALBHAI SHEKH','MALVA FALI','','',NULL),(663,'KISAN BHAI CO','','','7874197270',NULL),(664,'SABBIRBHAI AGRO','JASMIN','MHD','',NULL),(665,'AMBALAL BHULABHAI CHUHAN','SOJALI','MHD','81539 32141',NULL),(666,'RAJU MISTREE','','','84900 10325',NULL),(667,'RAJESHBHAI KACHARABHAI PARMAR','','MHD','87803 39987',NULL),(668,'SMC MADHAVPURA','','','',NULL),(669,'SURESHBHAI (K.PARK/71)','','','',NULL),(670,'SALIM HAJI ','','MHD','',NULL),(671,'MUNABHAI (SARVODAY)','','','',NULL),(672,'KADIRBHAI PEPAR','','MHD','',NULL),(673,'suresh karigar (magho) ','','mhd','81402 27922',NULL),(674,'VASIM SAIYED (FRUTWALA)','','','',NULL),(675,'FIROZBHAI MEMAN (ROYAL)','','MHD','',NULL),(676,'GYASUDIN KAZI (JENUL)','','','',NULL),(677,'AYUBBHAI ( ARIF )','','','',NULL),(678,'ANVARBHIA VOHRA (CHANAVALA)','VORA SOC.','MHD','',NULL),(679,'VIKRAMSHI CHATRSHI (AJIT)','','GODASAR','9537799075',NULL),(680,'NAVDIPBHAI (TALATI )','','','',NULL),(681,'MOHSIN KURESI','','','',NULL),(682,'SAHIDBHAI GADIYALI','','','',NULL),(683,'SAMIR VHORA (BACHAN )','','','',NULL),(684,'R K MALEK (MANDAP)','','','',NULL),(685,'SIDHARTH ','','','',NULL),(686,'GOPI ELECTRONIC','HAUSING -55','','',NULL),(687,'FARIDKHAN PATHAN','MUBINPARK','','',NULL),(688,'GOKUL DARY (NEXT TO DARGAH )','','','',NULL),(689,'IQBAL (KATAKPURA)','','','',NULL),(690,'MINESH (MAM)','27-CHITRAKUT','MHD','98240 91869',NULL),(691,'R K (D J )','','','',NULL),(692,'ASIK SAIYED','','','',NULL),(693,'CHANDSAIYED BAVA (DARGAH)','','','',NULL),(694,'10MM STEEL','','','',NULL),(695,'VANJARA ','JIRAVALA','MHD','',NULL),(696,'PRAJAPTI VIPULKUMAR','21-JYOTIPARK','MHD','',NULL),(697,'SHREE LAXMI SALES AGENCY','SHIRAJI SHOPING CENTER','KAPADVANJ','',NULL),(698,'SAKIL SAIYED (NAVAB)','DAUD PURA','MHD','',NULL),(699,'GHADVI','','','',NULL),(700,'VIJAY (SHAHRUKHA)','','','',NULL),(701,'ABIDBHAI M,ALI SAIYED','SULTAN SOC','MHD','',NULL),(702,'MAYURBHAI ','','MHD','',NULL),(703,'ATULBHAI(HARSIDHPARK)','','','',NULL),(704,'ARIFBHAI(WELDING VALA )','','','',NULL),(705,'ALAINS CONFORNS CENTAR','','','',NULL),(706,'SAKIL MANSURI','','','',NULL),(707,'KALUBHAI NABIMIYA SAIYED','','','',NULL),(708,'BHARTBHAI(SARVODAY SO)','','','',NULL),(709,'SALIM BADSAH','','','',NULL),(710,'ISUBBHAI PATHAN (RAHEMAT NAGAR)','','','',NULL),(711,'ABIDBHAI DIVAN','','','',NULL),(712,'DILAVERSHI JUVANSHI JADAV','KANIJ','','9904468333',NULL),(713,'MAHENDARKUMAR VARIYA','','','',NULL),(714,'RAJDHANI','','','',NULL),(715,'GULNAR PARK','SEVADAL ROAD','MHD','97269 67070',NULL),(716,'SOJALI','','','',NULL),(717,'PANKAJBHAI THAKAR','ASTHA','MHD','',NULL),(718,'TOFIKBHAI AYUBBHAI MANSURI','','','',NULL),(719,'BAHADURBEG MIRZA','','','',NULL),(720,'IKBAL DISCO ','','','',NULL),(721,'JALDHARA','DALNI KHARI','','',NULL),(722,'RUKSANABEN PATHAN','','','',NULL),(723,'HAJISAB BHANGARVALA','','MHD','',NULL),(724,'ARBAZ .A. GHANDHI','JIRAWALA','MAHEMDABAD','9624938786',NULL),(725,'SURIYKANT SAHEB(KALPNA SO)','','','',NULL),(726,'MADHAVANAND ASRAM','','','',NULL),(727,'RONAK VOHRA','','','97123 05123',NULL),(728,'SALIMKHAN PATHAN (GEB)','','','7600050875',NULL),(729,'ATULBHAI(GEB)','','','9925215456',NULL),(730,'IMTIYAZBHAI MALEK (JINNAT)','','','',NULL),(731,'P C VAHELA (GEB)','GOKULNAGAR','','',NULL),(732,'GHANSIYAM TRELAR','','','',NULL),(733,'IDARIS SODAVALA','','','',NULL),(734,'BIPIN MISTARY','','','',NULL),(735,'MANIS.R.PATEL (HIMSAGAR)','','','',NULL),(736,'SAIYED LIYAKAT (MALVAFALI)','','','',NULL),(737,'RAJU SAIYED','MALVAFALI','MHD','',NULL),(738,'MOHSIN VHORA(GAFURBHAI)','','','99047 38193',NULL),(739,'RAJU BHAVSAR','','','',NULL),(740,'VASANTBHAI PRAJAPATI','','','',NULL),(741,'DINESHBHAI SARVAIYA(SANTRAM)','','','',NULL),(742,'DARJI ASHOK KUMAR (GEB|)','AASUTOS-1/10','MAHEMDABAD','9925218725',NULL),(743,'SAIYED AJIJ (MALIVAD)','','','',NULL),(744,'PRATAP (GODHARA)','','','',NULL),(745,'ATUL MAHESH BHAI SODHA','','','9723901790',NULL),(746,'MANU (AAMLET)','','','',NULL),(747,'MALEK SAIDMIYA (DHAKDIVAD)','','','',NULL),(748,'PRAJAPATI UMEDBHAI LALABHAI','12/A SWAMI VIVEKAND','MHD','99780 75381',NULL),(749,'FIROZBHAI (JIRAVALA)','','','',NULL),(750,'SANJAY VAGELA','','','',NULL),(751,'UMESHBHAI (JASUBHAI CHAPALVALA)','','','',NULL),(752,'SAJID.S.SAIYED','','NADIAD','',NULL),(753,'MAHESHBHAI MISTARY(NADIAD GATE)','','','',NULL),(754,'ajitbhai(ramanbhai chaganbhai)','BHUMAPURA','mhd','',NULL),(755,'DIPU KANSARA','','','',NULL),(756,'SREEJI CHARAN CONSTRUCTION L L P','KHATREJ CHOKDI','MHD','94278 54103',NULL),(757,'MAHESHBHAI RAMANBHAI GOHEL','BAROTVAS','MHD','76581 88612',NULL),(758,'KAMBLI (RAHEMAT NAGAR)','','','',NULL),(759,'ARUNABEN DIGVIJAY DODIA','KACHAI','KHACHAI','9081 354335',NULL),(760,'RAMESHBHAI.N.PARMAR','SANTRAM SO','','99252 08421',NULL),(761,'ISMAIL TAPALI (KHATREJ DARVAJA)','','','96245 51400',NULL),(762,'SAJIDBHAI MALEK(AMBUJA)','','','',NULL),(763,'ILAHI MATAN','','','',NULL),(764,'ANILBHAI VAGELA(ASOKBHAO)','','','98243 76449',NULL),(765,'RAJUBHAI USMANBHAI CON ','KHATREJ DARVAJA','MHD','',NULL),(766,'MUKESHBHAI BHAVSAR (GEB)','22,JYOTIPARK','MHD','',NULL),(767,'YUNUSBHAI(ATAPATU)','','','',NULL),(768,'SMC KANYASALA VATHVALI','VATHVALI','MHD','',NULL),(769,'KIRANBHAI PATEL (ADVOCATE)','','','',NULL),(770,'SANTILAL CHAVDA (PARASKUI)','','','',NULL),(771,'NILESH BHAI PATEL(NAVJIVAN SO)','','','',NULL),(772,'NIRAV VISNUBHAI PATEL','B/25 ASUTOSH','MHD','99248 00811',NULL),(773,'DARJI UMESHBHAI(DARGAH)','','','',NULL),(774,'DR.PATEL(CHC MAHEMDAVAD)','','','',NULL),(775,'VAHIDBHAI BOMBAY VALA','JASMIN','MHD','',NULL),(776,'AYUBBHAI KARIMBHAI (JATIN)','JASMIN','MHD','',NULL),(777,'PRAMODBHAI PRAJAPATI','27/SWAMINARAYAN','MHD','99256 72468',NULL),(778,'DARGHA (SEVADL)','','','',NULL),(779,'JAYESHBHAI MISTARY','','','',NULL),(780,'RAMESHBHAI (KACHERI DARVAJA)','','','',NULL),(781,'RITESH.M.PUROHIT','','','',NULL),(782,'MADRASA (SOKAT MAHOLLA)','','','',NULL),(783,'KAGDASAHEB(RUTURAJ)','','','',NULL),(784,'MUKESH BHAI PATEL(GU-17)','','','',NULL),(785,'MANOJ SANKARBHAI BARAIYA','','','',NULL),(786,'SANTOSHBHAI KAHAR','','','',NULL),(787,'MOINBHAI(VAHIDBHAI IKRA )','IKRA','','',NULL),(788,'NIDHI STD','','','',NULL),(789,'DABAR (VERAHIMATA)','','','',NULL),(790,'SAHYOG MARKETING','','','',NULL),(791,'FAIZANE RAHEMANI MUSLIM EDUCATION TRUST','','','',NULL),(792,'MOHSIN MALEK (R T O )','','','',NULL),(793,'MANSURI (IQBAL STREET )','','','',NULL),(794,'RAFIK.A.MALEK (JIRAVALA)','','','',NULL),(795,'MISRIKHAN','LIMDIO','','',NULL),(796,'MALEK NASIRUDDIN R (BABU DEHLA)','','MHD','',NULL),(797,'BHOLO CO(MAHENDARBHAI RATANBHAI CHOHAN)','','SOJALI','',NULL),(798,'SALIM MALEK (KHANSABNO DELO)','','','',NULL),(799,'MIYA (SOKAT MOHALA )','','','',NULL),(800,'AZARUDIN FARIDMIYA SAIYED(DHAKDIVAD)','','','',NULL),(801,'RAUFBHAI (JASMIN)','','','',NULL),(802,'PRADIPKUMAR JENTILAL PARMAR','HARSIDHAPARK','','',NULL),(803,'IRFANBHAI SAIYED (BAPU)','GADIYALI SO','','9714538420',NULL),(804,'MADRASI (VAVFALIYU)','','','',NULL),(805,'BAKULBHAI .C.MALEK (ARBAZ)','JIRAVALA SO','MAHEMDAVAD','',NULL),(806,'HASMUKHABHAI PANCHAL','','','',NULL),(807,'KARMA JUNCTION (HANIF BHAI )','','','',NULL),(808,'MANISHBHAI B PARMAR','HARSIDDH','MHD','98790 85010',NULL),(809,'HABIB MAMA','','','',NULL),(810,'ANKIT GHANDHI','21 SARDAR NAGAR','MHD','',NULL),(811,'GOPALBHAI (VENDAR)','','','',NULL),(812,'SREENATHJI MARKETING (CASH)','','KAPADVANJ','',NULL),(813,'ULTRATECH CEMENT LTD (R395)','','','',NULL),(814,'MAAL PARAT','','','',NULL),(815,'BHOLLO','','','9924196316',NULL),(816,'ALPESHBHAI CONTRACTOR','','','',NULL),(817,'VASUDEVE THAKKAR','','','',NULL),(818,'MUKESH NATUBHAI VAGELA','','','',NULL),(819,'ASHOKBHAI VAGELA','KACHERIDARVAJA','','',NULL),(820,'LALITBHAI (MUDULPARK)','','','',NULL),(821,'KALIDASH (AASTHA)','ASTHA','','',NULL),(822,'VIDHAYABEN (VAGRIVAS)','','','',NULL),(823,'JUNED H SAIYED (ABUSH)','MALVAFALI','MHD','98989 85176',NULL),(824,'IRSADHUSEN (POLICE)','','','',NULL),(825,'MANISH J VAGELA','ASTHA','','',NULL),(826,'MELABHAI DABHI (VATHAVADI )','','','',NULL),(827,'VRAJES BHHAT (URBAN )','','','',NULL),(828,'MUKESHKUMAR M DABHI','VATHVALI','MHD','99980 35851',NULL),(829,'ESTIMATE','','','',NULL),(830,'IQBALBHAI GANIBHAI MANSURI','NAZAMAPARK','','',NULL),(831,'CHINTAN (VIJAYBHAI )','','','',NULL),(832,'MUZAFAR SAIYED (NAGAR PALIKA )','','','',NULL),(833,'MUSTAKIMKHAM M PATHAN','VOHRA SOC','MHD','',NULL),(834,'SIDDIK AYUBBHAI PATEL','VOHRA SOC','MHD','',NULL),(835,'GANPATBHAI (KANIJ)','','','',NULL),(836,'ajay raysing sodha','RAFIKCHACHA','','',NULL),(837,'ANDHEJ MADRSA','ANDEJ','MHD','',NULL),(838,'RAJNIKANT G R S','MODAJ','','8320 196898',NULL),(839,'MEGA (CEMERA)','','','',NULL),(840,'PRAJAPATI (SWAMINARAYAN )','','','',NULL),(841,'MOHMADUMAR BHAI (VIROL)','','','',NULL),(842,'MAHESHBHAI BHOI (CHIMAN MEMBAR)','','','',NULL),(843,'GULABKHAN PATHAN ','AARZU ','MHD','',NULL),(844,'PIDARSON (GOKUL 33 )','','','',NULL),(845,'PUNAM KARIGAR','','','',NULL),(846,'MOHAMMAD UMAR','VIROL','MHD','',NULL),(847,'PATEL ((SANTRAM SO )','','','',NULL),(848,'MELABHAI BHARVAD','','','',NULL),(849,'PRAKAS BHAI SARMA','','','',NULL),(850,'MALEKSAB(TELIPHON EX JIRAVALA)','asda','asd','asd',5),(851,'DIPAKBHAI SINDHI','','','',NULL),(852,'RAJUBHAI GANDHI (MALVAFALI)','','','',NULL),(853,'BHARATBHAI (PUNIT PARK SO )','','','',NULL),(854,'RAMESHBHAI MASTER (GOKUL-10)','','','97129 07286',NULL),(855,'RAHEMTULA KHAN PATHAN(MASTER)','','','',NULL),(856,'PENTAR SABIRBHAI (JIRAVALA)','','','',NULL),(857,'RINKUBHAI GAVNDAR','','','',NULL),(858,'SAKILBHAI MANSURI (SAKARO)','','','',NULL),(859,'LALBHAI KARIGAR','','','83470 45721',NULL),(860,'RAKESH BHAVSAR','30/MUDUL PARK','','',NULL),(861,'GOVINDBHAI SANKAR BHAI','asda','asda','333',NULL),(862,'SMC GODALI (MAMO)','','','',NULL),(863,'HAJI MOHMADLALU','','','',NULL),(864,'KAZI MOIN (SOKAT MAHOLA)','','','',NULL),(865,'ANVARBHAI (PLAMBAR)','','','',NULL),(866,'JITUBHAI SHAH','','','',NULL),(867,'NITINBHAI DARJI','RUTURAJ','MHD','',NULL),(868,'AYUB HASAN','','','',NULL),(869,'ANVARBHAI (PANVALA)','sad1','asd2','asd2',13),(870,'GOPALBHAI (HINGU )','','','',13),(872,'ASIFBHAI (BHANGARVALA)','','','',NULL),(873,'ROBIN (BHAJIYAVALA)','','','',NULL),(874,'IMRAN (J C B)','','','',NULL),(876,'ALTAF SAIYED (BAPU)','DAUDPURA','MHD','95587 71154',2),(877,'Dena Bank',NULL,NULL,NULL,20);
/*!40000 ALTER TABLE `accountmaster` ENABLE KEYS */;
UNLOCK TABLES;

--
-- Table structure for table `accountmaster2`
--

DROP TABLE IF EXISTS `accountmaster2`;
/*!40101 SET @saved_cs_client     = @@character_set_client */;
/*!40101 SET character_set_client = utf8 */;
CREATE TABLE `accountmaster2` (
  `AccountMasterId` int(11) NOT NULL,
  `Name` varchar(50) DEFAULT NULL,
  `Address` varchar(50) DEFAULT NULL,
  `City` varchar(50) DEFAULT NULL,
  `Amount` decimal(19,4) DEFAULT NULL,
  PRIMARY KEY (`AccountMasterId`)
) ENGINE=InnoDB DEFAULT CHARSET=latin1;
/*!40101 SET character_set_client = @saved_cs_client */;

--
-- Dumping data for table `accountmaster2`
--

LOCK TABLES `accountmaster2` WRITE;
/*!40000 ALTER TABLE `accountmaster2` DISABLE KEYS */;
/*!40000 ALTER TABLE `accountmaster2` ENABLE KEYS */;
UNLOCK TABLES;

--
-- Table structure for table `annualmaster`
--

DROP TABLE IF EXISTS `annualmaster`;
/*!40101 SET @saved_cs_client     = @@character_set_client */;
/*!40101 SET character_set_client = utf8 */;
CREATE TABLE `annualmaster` (
  `AnnualMasterId` int(11) NOT NULL,
  `Name` varchar(50) NOT NULL,
  PRIMARY KEY (`AnnualMasterId`)
) ENGINE=InnoDB DEFAULT CHARSET=latin1;
/*!40101 SET character_set_client = @saved_cs_client */;

--
-- Dumping data for table `annualmaster`
--

LOCK TABLES `annualmaster` WRITE;
/*!40000 ALTER TABLE `annualmaster` DISABLE KEYS */;
/*!40000 ALTER TABLE `annualmaster` ENABLE KEYS */;
UNLOCK TABLES;

--
-- Table structure for table `auditmaster`
--

DROP TABLE IF EXISTS `auditmaster`;
/*!40101 SET @saved_cs_client     = @@character_set_client */;
/*!40101 SET character_set_client = utf8 */;
CREATE TABLE `auditmaster` (
  `TableName` varchar(50) DEFAULT NULL,
  `PrimaryKey` int(11) DEFAULT NULL,
  `LoginId` int(11) DEFAULT NULL,
  `EventDateTime` datetime DEFAULT NULL,
  `EventDATA` varchar(20000) DEFAULT NULL
) ENGINE=InnoDB DEFAULT CHARSET=latin1;
/*!40101 SET character_set_client = @saved_cs_client */;

--
-- Dumping data for table `auditmaster`
--

LOCK TABLES `auditmaster` WRITE;
/*!40000 ALTER TABLE `auditmaster` DISABLE KEYS */;
INSERT INTO `auditmaster` VALUES ('accountmaster',10,10,'2019-03-01 09:41:11','poonam'),('accountmaster',13,13,'2019-03-01 11:02:01',NULL),('accountmaster',15,15,'2019-03-01 11:48:28','Insert into AccountName  values (\'15\',Capital A/c\',\'\',\')'),('accountmaster',11,11,'2019-03-01 12:54:04','Insert into AccountName  values (\'AccountMasterId\',\'AccountName\',\'Address\',\'City\',\'Phone\',\'GroupMasterId\',\'InsertedBy\',\'InsertedDate\',\'ModifiedBy\',\'accountmastercol\')'),('accountmaster',11,11,'2019-03-01 12:56:06','Insert into AccountName  values (AccountMasterId,AccountName,Address,City,Phone,GroupMasterId,InsertedBy,InsertedDate,ModifiedBy,accountmastercol)'),('accountmaster',876,876,'2019-03-16 12:11:55','Insert into AccountName  values (AccountMasterId,AccountName,Address,City,Phone,GroupMasterId)'),('accountmaster',870,870,'2019-03-22 15:39:52','Insert into AccountName  values (AccountMasterId,AccountName,Address,City,Phone,GroupMasterId)'),('accountmaster',869,869,'2019-03-22 15:40:10','Insert into AccountName  values (AccountMasterId,AccountName,Address,City,Phone,GroupMasterId)'),('accountmaster',850,850,'2019-03-22 15:40:28','Insert into AccountName  values (AccountMasterId,AccountName,Address,City,Phone,GroupMasterId)'),('accountmaster',10,10,'2019-04-15 12:34:20','Insert into AccountName  values (AccountMasterId,AccountName,Address,City,Phone,GroupMasterId)'),('accountmaster',214,214,'2019-04-16 09:29:23','Insert into AccountName  values (AccountMasterId,AccountName,Address,City,Phone,GroupMasterId)'),('accountmaster',285,285,'2019-04-16 09:29:23','Insert into AccountName  values (AccountMasterId,AccountName,Address,City,Phone,GroupMasterId)'),('accountmaster',571,571,'2019-04-16 09:29:23','Insert into AccountName  values (AccountMasterId,AccountName,Address,City,Phone,GroupMasterId)'),('accountmaster',645,645,'2019-04-16 09:29:23','Insert into AccountName  values (AccountMasterId,AccountName,Address,City,Phone,GroupMasterId)'),('accountmaster',877,877,'2019-04-16 09:52:42','Insert into AccountName  values (AccountMasterId,AccountName,Address,City,Phone,GroupMasterId)');
/*!40000 ALTER TABLE `auditmaster` ENABLE KEYS */;
UNLOCK TABLES;

--
-- Table structure for table `companymaster`
--

DROP TABLE IF EXISTS `companymaster`;
/*!40101 SET @saved_cs_client     = @@character_set_client */;
/*!40101 SET character_set_client = utf8 */;
CREATE TABLE `companymaster` (
  `CompanyMasterId` int(11) NOT NULL,
  `Name` varchar(50) DEFAULT NULL,
  `Address` varchar(50) DEFAULT NULL,
  `City` varchar(50) DEFAULT NULL,
  `Phone` varchar(50) DEFAULT NULL,
  `Mobile` varchar(50) DEFAULT NULL,
  `Tinnum` varchar(50) DEFAULT NULL,
  `OpeningDate` datetime(6) DEFAULT NULL,
  PRIMARY KEY (`CompanyMasterId`)
) ENGINE=InnoDB DEFAULT CHARSET=latin1;
/*!40101 SET character_set_client = @saved_cs_client */;

--
-- Dumping data for table `companymaster`
--

LOCK TABLES `companymaster` WRITE;
/*!40000 ALTER TABLE `companymaster` DISABLE KEYS */;
/*!40000 ALTER TABLE `companymaster` ENABLE KEYS */;
UNLOCK TABLES;

--
-- Table structure for table `controlmaster`
--

DROP TABLE IF EXISTS `controlmaster`;
/*!40101 SET @saved_cs_client     = @@character_set_client */;
/*!40101 SET character_set_client = utf8 */;
CREATE TABLE `controlmaster` (
  `ControlMasterId` int(11) NOT NULL,
  `ControlName` varchar(45) DEFAULT NULL,
  `ControlTypeId` varchar(45) DEFAULT NULL,
  `TableMasterId` int(11) DEFAULT NULL,
  `Formula` varchar(45) DEFAULT NULL,
  `Width` varchar(45) DEFAULT NULL,
  `Visible` varchar(45) DEFAULT 'false',
  PRIMARY KEY (`ControlMasterId`)
) ENGINE=InnoDB DEFAULT CHARSET=utf8;
/*!40101 SET character_set_client = @saved_cs_client */;

--
-- Dumping data for table `controlmaster`
--

LOCK TABLES `controlmaster` WRITE;
/*!40000 ALTER TABLE `controlmaster` DISABLE KEYS */;
INSERT INTO `controlmaster` VALUES (1,'VoucherTypeId ','0',4,NULL,NULL,'false'),(2,'BankDate','0',6,NULL,NULL,'false'),(3,'IsDeleted','0',5,NULL,NULL,'false'),(4,'Srno','10',5,NULL,NULL,'false'),(5,'Srno','10',6,NULL,NULL,'false');
/*!40000 ALTER TABLE `controlmaster` ENABLE KEYS */;
UNLOCK TABLES;

--
-- Table structure for table `controltype`
--

DROP TABLE IF EXISTS `controltype`;
/*!40101 SET @saved_cs_client     = @@character_set_client */;
/*!40101 SET character_set_client = utf8 */;
CREATE TABLE `controltype` (
  `ControlTypeId` int(11) NOT NULL AUTO_INCREMENT,
  `ControlTypeName` varchar(45) DEFAULT NULL,
  PRIMARY KEY (`ControlTypeId`)
) ENGINE=InnoDB AUTO_INCREMENT=11 DEFAULT CHARSET=utf8;
/*!40101 SET character_set_client = @saved_cs_client */;

--
-- Dumping data for table `controltype`
--

LOCK TABLES `controltype` WRITE;
/*!40000 ALTER TABLE `controltype` DISABLE KEYS */;
INSERT INTO `controltype` VALUES (0,'Hideen'),(1,'Text'),(2,'Password'),(3,'ComboBox'),(4,'Radio'),(5,'CheckBox'),(6,'Image'),(7,'UPload'),(8,'Date'),(9,'Label'),(10,'TableText');
/*!40000 ALTER TABLE `controltype` ENABLE KEYS */;
UNLOCK TABLES;

--
-- Table structure for table `costcenter`
--

DROP TABLE IF EXISTS `costcenter`;
/*!40101 SET @saved_cs_client     = @@character_set_client */;
/*!40101 SET character_set_client = utf8 */;
CREATE TABLE `costcenter` (
  `CostCenterId` bigint(20) NOT NULL,
  `Name` varchar(50) DEFAULT NULL,
  PRIMARY KEY (`CostCenterId`)
) ENGINE=InnoDB DEFAULT CHARSET=latin1;
/*!40101 SET character_set_client = @saved_cs_client */;

--
-- Dumping data for table `costcenter`
--

LOCK TABLES `costcenter` WRITE;
/*!40000 ALTER TABLE `costcenter` DISABLE KEYS */;
/*!40000 ALTER TABLE `costcenter` ENABLE KEYS */;
UNLOCK TABLES;

--
-- Table structure for table `crdrmaster`
--

DROP TABLE IF EXISTS `crdrmaster`;
/*!40101 SET @saved_cs_client     = @@character_set_client */;
/*!40101 SET character_set_client = utf8 */;
CREATE TABLE `crdrmaster` (
  `CrDrMasterId` int(11) NOT NULL AUTO_INCREMENT,
  `CrDrName` varchar(45) DEFAULT NULL,
  `CrDrFullName` varchar(45) DEFAULT NULL,
  `CrDrValue` int(11) DEFAULT NULL,
  PRIMARY KEY (`CrDrMasterId`)
) ENGINE=InnoDB AUTO_INCREMENT=3 DEFAULT CHARSET=utf8;
/*!40101 SET character_set_client = @saved_cs_client */;

--
-- Dumping data for table `crdrmaster`
--

LOCK TABLES `crdrmaster` WRITE;
/*!40000 ALTER TABLE `crdrmaster` DISABLE KEYS */;
INSERT INTO `crdrmaster` VALUES (1,'Cr','Credit',1),(2,'Dr','Debit',-1);
/*!40000 ALTER TABLE `crdrmaster` ENABLE KEYS */;
UNLOCK TABLES;

--
-- Table structure for table `formcontrolmaster`
--

DROP TABLE IF EXISTS `formcontrolmaster`;
/*!40101 SET @saved_cs_client     = @@character_set_client */;
/*!40101 SET character_set_client = utf8 */;
CREATE TABLE `formcontrolmaster` (
  `FormControlMasterId` int(11) NOT NULL DEFAULT '0',
  `FormTableId` int(11) NOT NULL,
  `FieldName` varchar(45) DEFAULT NULL,
  `ControlTypeName` varchar(45) DEFAULT NULL,
  `Caption` varchar(45) DEFAULT NULL,
  `TableName` varchar(45) DEFAULT NULL,
  `Query` varchar(500) DEFAULT NULL,
  `ComboQuery` varchar(500) DEFAULT NULL,
  `onchange` varchar(2000) DEFAULT NULL,
  `Aggregate` varchar(45) DEFAULT NULL,
  `WhereCondition` varchar(500) DEFAULT NULL,
  `DefaultData` varchar(500) DEFAULT NULL,
  `filter` varchar(500) DEFAULT NULL,
  `SelectField` varchar(500) DEFAULT NULL,
  PRIMARY KEY (`FormControlMasterId`)
) ENGINE=InnoDB DEFAULT CHARSET=latin1;
/*!40101 SET character_set_client = @saved_cs_client */;

--
-- Dumping data for table `formcontrolmaster`
--

LOCK TABLES `formcontrolmaster` WRITE;
/*!40000 ALTER TABLE `formcontrolmaster` DISABLE KEYS */;
INSERT INTO `formcontrolmaster` VALUES (0,5,'VirtualItemMaster',NULL,NULL,NULL,NULL,NULL,NULL,NULL,NULL,NULL,NULL,'Rate=VirtualItemMaster.PurRate'),(1,13,'Total','Hideen',NULL,NULL,NULL,NULL,NULL,NULL,NULL,NULL,NULL,NULL),(2,13,'VirtualAccountMaster','Hideen',NULL,NULL,NULL,NULL,NULL,NULL,NULL,NULL,NULL,NULL),(3,12,'VirtualCrDrMaster','Hideen',NULL,NULL,NULL,NULL,NULL,NULL,NULL,'1',NULL,NULL),(4,10,'VirtualCrDrMaster','Hideen',NULL,NULL,NULL,NULL,NULL,NULL,NULL,'2',NULL,NULL),(5,5,'Height','text',NULL,NULL,NULL,NULL,'Quantity=QuantityCountFormula(Length,Height,Width,VirtualItemMaster.QuantityTypeId )|TotalQuantity=Quantity*Nos |Amount=Rate*TotalQuantity',NULL,'VirtualItemMaster.QuantityTypeId>=2',NULL,NULL,NULL),(6,5,'Length','text',NULL,NULL,NULL,NULL,'Quantity=QuantityCountFormula(Length,Height,Width,VirtualItemMaster.QuantityTypeId )|TotalQuantity=Quantity*Nos |Amount=Rate*TotalQuantity',NULL,'VirtualItemMaster.QuantityTypeId>=2',NULL,NULL,NULL),(7,5,'Width','text',NULL,NULL,NULL,NULL,'Quantity=QuantityCountFormula(Length,Height,Width,VirtualItemMaster.QuantityTypeId )|TotalQuantity=Quantity*Nos |Amount=Rate*TotalQuantity',NULL,'VirtualItemMaster.QuantityTypeId==3',NULL,NULL,NULL),(8,5,'Quantity','Label',NULL,NULL,NULL,NULL,NULL,NULL,'VirtualItemMaster.QuantityTypeId>=2',NULL,NULL,NULL),(9,5,'Nos','text',NULL,NULL,NULL,NULL,'TotalQuantity=Quantity*Nos|Amount=Rate*TotalQ',NULL,'VirtualItemMaster.QuantityTypeId>=2',NULL,NULL,NULL),(10,5,'details','Hideen',NULL,NULL,NULL,NULL,NULL,NULL,NULL,NULL,NULL,NULL),(11,4,'Total','Hideen',NULL,NULL,NULL,NULL,NULL,NULL,NULL,NULL,NULL,NULL),(12,7,'Height ','Hideen',NULL,NULL,NULL,NULL,NULL,NULL,NULL,NULL,NULL,NULL),(13,7,'Length','Hideen',NULL,NULL,NULL,NULL,NULL,NULL,NULL,NULL,NULL,NULL),(14,7,'Width','Hideen',NULL,NULL,NULL,NULL,NULL,NULL,NULL,NULL,NULL,NULL),(15,7,'Quantity','Hideen',NULL,NULL,NULL,NULL,NULL,NULL,NULL,NULL,NULL,NULL),(16,7,'Nos','Hideen',NULL,NULL,NULL,NULL,NULL,NULL,NULL,NULL,NULL,NULL),(17,7,'details','Hideen',NULL,NULL,NULL,NULL,NULL,NULL,NULL,NULL,NULL,NULL),(18,6,'Total','Hideen',NULL,NULL,NULL,NULL,NULL,NULL,NULL,NULL,NULL,NULL),(19,5,'Amount','Label',NULL,NULL,NULL,NULL,NULL,'sum',NULL,NULL,NULL,NULL),(20,5,'Rate','text',NULL,NULL,NULL,NULL,'Amount=Rate*TotalQuantity',NULL,NULL,'',NULL,NULL),(21,10,'Amount','text','Amount',NULL,NULL,NULL,NULL,'sum',NULL,NULL,NULL,NULL),(22,14,'Amount','TableText','Debite',NULL,NULL,NULL,NULL,'sum','VirtualCrDrMaster.CrDrMasterId==2',NULL,NULL,NULL),(23,14,'Amount','TableText','Credite',NULL,NULL,NULL,NULL,'sum','VirtualCrDrMaster.CrDrMasterId==1',NULL,NULL,NULL),(24,14,'Amount','FormText','Amount',NULL,NULL,NULL,NULL,NULL,NULL,NULL,NULL,NULL),(25,14,'Srno','TableText',NULL,NULL,NULL,NULL,NULL,NULL,NULL,NULL,NULL,NULL),(26,9,'Total','Hideen',NULL,NULL,NULL,NULL,NULL,NULL,NULL,NULL,NULL,NULL),(27,11,'Total','Hideen',NULL,NULL,NULL,NULL,NULL,NULL,NULL,NULL,NULL,NULL),(29,12,'Amount','text',NULL,NULL,NULL,NULL,NULL,'sum',NULL,NULL,NULL,NULL),(30,9,'VirtualAccountMaster',NULL,NULL,NULL,NULL,NULL,'',NULL,NULL,NULL,'GroupMasterId=20',NULL),(31,5,'TotalQuantity','Label',NULL,NULL,NULL,NULL,NULL,NULL,'VirtualItemMaster.QuantityTypeId>=2',NULL,NULL,NULL),(32,0,'TotalQuantity','text',NULL,NULL,NULL,NULL,NULL,NULL,'VirtualItemMaster.QuantityTypeId=1',NULL,NULL,NULL),(33,0,'Amount','text',NULL,NULL,NULL,NULL,NULL,'sum','VirtualItemMaster.QuantityTypeId=0',NULL,NULL,NULL);
/*!40000 ALTER TABLE `formcontrolmaster` ENABLE KEYS */;
UNLOCK TABLES;

--
-- Table structure for table `formmaster`
--

DROP TABLE IF EXISTS `formmaster`;
/*!40101 SET @saved_cs_client     = @@character_set_client */;
/*!40101 SET character_set_client = utf8 */;
CREATE TABLE `formmaster` (
  `FormMasterId` int(11) NOT NULL AUTO_INCREMENT,
  `TableMasterId` int(11) DEFAULT NULL,
  `jsonFileName` varchar(45) DEFAULT NULL,
  PRIMARY KEY (`FormMasterId`)
) ENGINE=InnoDB AUTO_INCREMENT=8 DEFAULT CHARSET=utf8;
/*!40101 SET character_set_client = @saved_cs_client */;

--
-- Dumping data for table `formmaster`
--

LOCK TABLES `formmaster` WRITE;
/*!40000 ALTER TABLE `formmaster` DISABLE KEYS */;
INSERT INTO `formmaster` VALUES (1,1,'ItemMaster.js'),(2,2,'AccountMaster.js'),(3,3,'UnitMaster.js'),(4,5,'inventory.js'),(5,4,'cash.js'),(6,7,'bank.js'),(7,7,'jv.js');
/*!40000 ALTER TABLE `formmaster` ENABLE KEYS */;
UNLOCK TABLES;

--
-- Table structure for table `formtable`
--

DROP TABLE IF EXISTS `formtable`;
/*!40101 SET @saved_cs_client     = @@character_set_client */;
/*!40101 SET character_set_client = utf8 */;
CREATE TABLE `formtable` (
  `FormTableId` int(11) NOT NULL AUTO_INCREMENT,
  `FormMasterId` int(11) DEFAULT NULL,
  `TableMasterId` int(11) DEFAULT NULL,
  PRIMARY KEY (`FormTableId`)
) ENGINE=MyISAM AUTO_INCREMENT=15 DEFAULT CHARSET=latin1;
/*!40101 SET character_set_client = @saved_cs_client */;

--
-- Dumping data for table `formtable`
--

LOCK TABLES `formtable` WRITE;
/*!40000 ALTER TABLE `formtable` DISABLE KEYS */;
INSERT INTO `formtable` VALUES (1,1,1),(2,2,2),(3,3,3),(4,4,4),(5,4,5),(6,5,4),(7,5,5),(8,6,4),(9,7,4),(10,7,6),(11,8,4),(12,8,6),(13,9,4),(14,9,6);
/*!40000 ALTER TABLE `formtable` ENABLE KEYS */;
UNLOCK TABLES;

--
-- Table structure for table `formtype`
--

DROP TABLE IF EXISTS `formtype`;
/*!40101 SET @saved_cs_client     = @@character_set_client */;
/*!40101 SET character_set_client = utf8 */;
CREATE TABLE `formtype` (
  `FormTypeId` bigint(20) NOT NULL,
  `Name` varchar(50) DEFAULT NULL,
  PRIMARY KEY (`FormTypeId`)
) ENGINE=InnoDB DEFAULT CHARSET=latin1;
/*!40101 SET character_set_client = @saved_cs_client */;

--
-- Dumping data for table `formtype`
--

LOCK TABLES `formtype` WRITE;
/*!40000 ALTER TABLE `formtype` DISABLE KEYS */;
INSERT INTO `formtype` VALUES (0,'None'),(1,'Repoort'),(2,'Form'),(3,'Report & Form');
/*!40000 ALTER TABLE `formtype` ENABLE KEYS */;
UNLOCK TABLES;

--
-- Table structure for table `godownmaster`
--

DROP TABLE IF EXISTS `godownmaster`;
/*!40101 SET @saved_cs_client     = @@character_set_client */;
/*!40101 SET character_set_client = utf8 */;
CREATE TABLE `godownmaster` (
  `GodownMasterId` bigint(20) NOT NULL,
  `Name` varchar(50) DEFAULT NULL,
  PRIMARY KEY (`GodownMasterId`)
) ENGINE=InnoDB DEFAULT CHARSET=latin1;
/*!40101 SET character_set_client = @saved_cs_client */;

--
-- Dumping data for table `godownmaster`
--

LOCK TABLES `godownmaster` WRITE;
/*!40000 ALTER TABLE `godownmaster` DISABLE KEYS */;
/*!40000 ALTER TABLE `godownmaster` ENABLE KEYS */;
UNLOCK TABLES;

--
-- Table structure for table `groupmaster`
--

DROP TABLE IF EXISTS `groupmaster`;
/*!40101 SET @saved_cs_client     = @@character_set_client */;
/*!40101 SET character_set_client = utf8 */;
CREATE TABLE `groupmaster` (
  `GroupMasterId` int(11) NOT NULL,
  `GroupName` varchar(50) DEFAULT NULL,
  `AnnualMasterId` int(11) DEFAULT NULL,
  `CrDrMasterId` int(11) DEFAULT NULL,
  PRIMARY KEY (`GroupMasterId`),
  KEY `FK_GroupMaster_AnnualMaster` (`AnnualMasterId`),
  KEY `FK_GroupMaster_CrDrMaster` (`CrDrMasterId`),
  CONSTRAINT `FK_GroupMaster_AnnualMaster` FOREIGN KEY (`AnnualMasterId`) REFERENCES `annualmaster` (`AnnualMasterId`) ON DELETE NO ACTION ON UPDATE NO ACTION,
  CONSTRAINT `FK_GroupMaster_CrDrMaster` FOREIGN KEY (`CrDrMasterId`) REFERENCES `crdrmaster` (`CrDrMasterId`) ON DELETE NO ACTION ON UPDATE NO ACTION
) ENGINE=InnoDB DEFAULT CHARSET=latin1;
/*!40101 SET character_set_client = @saved_cs_client */;

--
-- Dumping data for table `groupmaster`
--

LOCK TABLES `groupmaster` WRITE;
/*!40000 ALTER TABLE `groupmaster` DISABLE KEYS */;
INSERT INTO `groupmaster` VALUES (1,'Opeaning Stock',NULL,NULL),(2,'purchase',NULL,NULL),(3,'Direct Expenses',NULL,NULL),(4,'Sales',NULL,NULL),(5,'Direct Income',NULL,NULL),(6,'Indirect Expenses',NULL,NULL),(7,'Indirect Income',NULL,NULL),(8,'Capital',NULL,NULL),(9,'Rev. & surplus',NULL,NULL),(10,'Secured Loan',NULL,NULL),(11,'UnSecured Loan',NULL,NULL),(12,'Current Libility',NULL,NULL),(13,'Creditors',NULL,NULL),(14,'Tax & Provision',NULL,NULL),(15,'Fixed Assets',NULL,NULL),(16,'Investment',NULL,NULL),(17,'Current Assets',NULL,NULL),(18,'Debtors',NULL,NULL),(19,'Misc & Assets',NULL,NULL),(20,'Bank',NULL,NULL),(21,'Contractor',NULL,NULL);
/*!40000 ALTER TABLE `groupmaster` ENABLE KEYS */;
UNLOCK TABLES;

--
-- Table structure for table `itemmaster`
--

DROP TABLE IF EXISTS `itemmaster`;
/*!40101 SET @saved_cs_client     = @@character_set_client */;
/*!40101 SET character_set_client = utf8 */;
CREATE TABLE `itemmaster` (
  `ItemMasterId` int(11) NOT NULL AUTO_INCREMENT,
  `ItemName` varchar(50) DEFAULT NULL,
  `PurRate` float DEFAULT NULL COMMENT 'Purchase Rate',
  `SaleRate` float DEFAULT NULL COMMENT 'Sale Rate',
  `QuantityTypeId` int(11) DEFAULT NULL,
  PRIMARY KEY (`ItemMasterId`),
  KEY `Item_QuanityType_idx` (`QuantityTypeId`),
  CONSTRAINT `Item_QuanityType` FOREIGN KEY (`QuantityTypeId`) REFERENCES `quantitytype` (`QuantityTypeId`) ON DELETE NO ACTION ON UPDATE NO ACTION
) ENGINE=InnoDB AUTO_INCREMENT=23 DEFAULT CHARSET=utf8;
/*!40101 SET character_set_client = @saved_cs_client */;

--
-- Dumping data for table `itemmaster`
--

LOCK TABLES `itemmaster` WRITE;
/*!40000 ALTER TABLE `itemmaster` DISABLE KEYS */;
INSERT INTO `itemmaster` VALUES (6,'potato',1,20,2),(7,'began2',20,30.5,0),(8,'onion',11,2,2),(9,'Tiltes',50,60,1),(10,'trouser',500,800,1),(15,'aaa',10,20,0),(17,'bbb',11,21,1),(18,'ccc',12,22,2),(22,'Mouse',100,120,3);
/*!40000 ALTER TABLE `itemmaster` ENABLE KEYS */;
UNLOCK TABLES;

--
-- Table structure for table `master`
--

DROP TABLE IF EXISTS `master`;
/*!40101 SET @saved_cs_client     = @@character_set_client */;
/*!40101 SET character_set_client = utf8 */;
CREATE TABLE `master` (
  `MasterId` int(11) NOT NULL AUTO_INCREMENT,
  `MasterName` varchar(45) DEFAULT NULL,
  `MasterTableName` varchar(45) DEFAULT NULL,
  `MasterPrimaryKey` varchar(45) DEFAULT NULL,
  `MasterView` varchar(45) DEFAULT NULL,
  `MasterShow` int(11) DEFAULT NULL,
  `HyperLink` int(11) DEFAULT '0',
  `HyperName` varchar(45) DEFAULT NULL,
  `LocationPath` varchar(45) DEFAULT NULL,
  PRIMARY KEY (`MasterId`)
) ENGINE=InnoDB AUTO_INCREMENT=4 DEFAULT CHARSET=utf8;
/*!40101 SET character_set_client = @saved_cs_client */;

--
-- Dumping data for table `master`
--

LOCK TABLES `master` WRITE;
/*!40000 ALTER TABLE `master` DISABLE KEYS */;
INSERT INTO `master` VALUES (1,'Item','ItemMaster','ItemMasterId','vwitemMaster',1,0,'master/itemdetails','master/itemdetails/'),(2,'Account','AccountMaster','AccountMasterId','vwaccountmaster',1,0,'master/accountdetails','master/accountdetails/'),(3,'Unit','UnitMaster','UnitMasterId','UnitMaster',1,0,'master/item',NULL);
/*!40000 ALTER TABLE `master` ENABLE KEYS */;
UNLOCK TABLES;

--
-- Table structure for table `menumaster`
--

DROP TABLE IF EXISTS `menumaster`;
/*!40101 SET @saved_cs_client     = @@character_set_client */;
/*!40101 SET character_set_client = utf8 */;
CREATE TABLE `menumaster` (
  `MenuMasterId` int(11) NOT NULL AUTO_INCREMENT,
  `ParentMenuMasterId` int(11) DEFAULT NULL,
  `MenuName` varchar(45) DEFAULT NULL,
  `Css` varchar(45) DEFAULT NULL,
  `UiRounterName` varchar(45) DEFAULT NULL,
  `FormMasterId` int(11) DEFAULT NULL,
  `Visible` int(11) DEFAULT NULL,
  `Query` varchar(2000) DEFAULT NULL,
  `VoucherTypeId` int(11) DEFAULT NULL,
  `ReportMasterId` int(11) DEFAULT NULL,
  PRIMARY KEY (`MenuMasterId`)
) ENGINE=InnoDB AUTO_INCREMENT=2004 DEFAULT CHARSET=utf8;
/*!40101 SET character_set_client = @saved_cs_client */;

--
-- Dumping data for table `menumaster`
--

LOCK TABLES `menumaster` WRITE;
/*!40000 ALTER TABLE `menumaster` DISABLE KEYS */;
INSERT INTO `menumaster` VALUES (1,1,'Master',NULL,'deluxstate',NULL,1,NULL,NULL,NULL),(2,1,'Item',NULL,'deluxstate',1,1,'select * from vwitemmaster',8,NULL),(3,1,'Account',NULL,'deluxstate',2,1,'select *  from vwaccountmaster',7,NULL),(4,1,'Unit',NULL,'deluxstate',3,1,'select *  from unitMaster',0,NULL),(5,1,'Group Master',NULL,'deluxstate',NULL,0,NULL,NULL,NULL),(6,1,'State Master',NULL,'deluxstate',NULL,0,NULL,NULL,NULL),(7,1,'AccountDetail',NULL,'deluxstate',NULL,NULL,'call PreAccountDetails({{UniqueId}})',NULL,NULL),(8,1,'ItemDetail',NULL,'deluxstate',NULL,NULL,'call PreItemdetails({{UniqueId}})',NULL,NULL),(100,100,'Transction',NULL,'deluxstate',10,1,'select *  from vwtranscation',NULL,1),(101,100,'Purchase Vouchase',NULL,'deluxform',4,1,'',10,NULL),(102,100,'Sales Vouchase',NULL,'deluxform',5,1,NULL,11,NULL),(103,100,'Purachase Return',NULL,'deluxform',0,0,NULL,NULL,NULL),(104,100,'Sales Return',NULL,'deluxform',0,0,NULL,NULL,NULL),(105,100,'Cash Receipt',NULL,'deluxform',6,1,NULL,12,NULL),(106,100,'Cash Payment',NULL,'deluxform',6,1,NULL,13,NULL),(107,100,'Bank Receipt',NULL,'deluxform',7,1,NULL,14,NULL),(108,100,'Bank Payment',NULL,'deluxform',8,1,NULL,15,NULL),(109,100,'Journal Vourcher',NULL,'deluxform',9,1,NULL,16,NULL),(1000,1000,'Report',NULL,'deluxform',NULL,1,NULL,NULL,NULL),(1001,1000,'DayBook',NULL,NULL,NULL,1,'call  preDaybook',NULL,NULL),(1002,1000,'TrialBalance',NULL,NULL,NULL,1,'call  preTrialBalance',NULL,NULL),(1003,1000,'Trading Account',NULL,'deluxstate',NULL,1,'call preTradingAccount',NULL,NULL),(1004,1000,'Proft & Loss Account',NULL,'deluxstate',NULL,1,'call preProfitAndLoss',NULL,NULL),(1005,1000,'Balance Sheet',NULL,'deluxstate',NULL,1,'call  preBalanceSheet',NULL,NULL),(1006,1000,'Cash Flow',NULL,'deluxstate',NULL,1,'call preCashFlow',NULL,NULL),(1007,1000,'Fund Flow',NULL,'deluxstate',NULL,1,'call preFundFlow',NULL,NULL),(1008,1000,'GST Report',NULL,NULL,NULL,1,'call PreGST',NULL,NULL),(2000,2000,'Utility',NULL,'deluxstate',NULL,1,'',NULL,NULL),(2001,2000,'Setting',NULL,'deluxstate',NULL,1,NULL,NULL,NULL),(2002,2000,'Change Password',NULL,'deluxstate',NULL,1,NULL,NULL,NULL),(2003,2000,'Buckup & Restore',NULL,'deluxstate',NULL,1,NULL,NULL,NULL);
/*!40000 ALTER TABLE `menumaster` ENABLE KEYS */;
UNLOCK TABLES;

--
-- Table structure for table `quantitytype`
--

DROP TABLE IF EXISTS `quantitytype`;
/*!40101 SET @saved_cs_client     = @@character_set_client */;
/*!40101 SET character_set_client = utf8 */;
CREATE TABLE `quantitytype` (
  `QuantityTypeId` int(11) NOT NULL,
  `Name` varchar(45) DEFAULT NULL,
  PRIMARY KEY (`QuantityTypeId`)
) ENGINE=InnoDB DEFAULT CHARSET=utf8;
/*!40101 SET character_set_client = @saved_cs_client */;

--
-- Dumping data for table `quantitytype`
--

LOCK TABLES `quantitytype` WRITE;
/*!40000 ALTER TABLE `quantitytype` DISABLE KEYS */;
INSERT INTO `quantitytype` VALUES (0,'None'),(1,'TotalQuntity'),(2,'Lenth & Heigth'),(3,'Length Heigth & Width');
/*!40000 ALTER TABLE `quantitytype` ENABLE KEYS */;
UNLOCK TABLES;

--
-- Table structure for table `ratetypemaster`
--

DROP TABLE IF EXISTS `ratetypemaster`;
/*!40101 SET @saved_cs_client     = @@character_set_client */;
/*!40101 SET character_set_client = utf8 */;
CREATE TABLE `ratetypemaster` (
  `RateTypeMasterId` bigint(20) NOT NULL,
  `Name` varchar(50) DEFAULT NULL,
  PRIMARY KEY (`RateTypeMasterId`)
) ENGINE=InnoDB DEFAULT CHARSET=latin1;
/*!40101 SET character_set_client = @saved_cs_client */;

--
-- Dumping data for table `ratetypemaster`
--

LOCK TABLES `ratetypemaster` WRITE;
/*!40000 ALTER TABLE `ratetypemaster` DISABLE KEYS */;
/*!40000 ALTER TABLE `ratetypemaster` ENABLE KEYS */;
UNLOCK TABLES;

--
-- Table structure for table `reportcontrolmaster`
--

DROP TABLE IF EXISTS `reportcontrolmaster`;
/*!40101 SET @saved_cs_client     = @@character_set_client */;
/*!40101 SET character_set_client = utf8 */;
CREATE TABLE `reportcontrolmaster` (
  `ReportControlMasterId` int(11) NOT NULL,
  `ReportMasterId` int(11) NOT NULL,
  `FieldName` varchar(45) DEFAULT NULL,
  `Caption` varchar(45) DEFAULT NULL,
  `Visible` bit(1) DEFAULT b'1',
  PRIMARY KEY (`ReportControlMasterId`)
) ENGINE=InnoDB DEFAULT CHARSET=latin1;
/*!40101 SET character_set_client = @saved_cs_client */;

--
-- Dumping data for table `reportcontrolmaster`
--

LOCK TABLES `reportcontrolmaster` WRITE;
/*!40000 ALTER TABLE `reportcontrolmaster` DISABLE KEYS */;
INSERT INTO `reportcontrolmaster` VALUES (0,1,'TemplateName','TM','\0'),(1,1,'PrintTemplateName','PTM','\0'),(2,1,'VoucherName','Voucher Name',''),(3,1,'Remarks','rr1','');
/*!40000 ALTER TABLE `reportcontrolmaster` ENABLE KEYS */;
UNLOCK TABLES;

--
-- Table structure for table `statemaster`
--

DROP TABLE IF EXISTS `statemaster`;
/*!40101 SET @saved_cs_client     = @@character_set_client */;
/*!40101 SET character_set_client = utf8 */;
CREATE TABLE `statemaster` (
  `StateMasterId` int(11) NOT NULL,
  `StateName` varchar(45) DEFAULT NULL,
  PRIMARY KEY (`StateMasterId`)
) ENGINE=InnoDB DEFAULT CHARSET=latin1;
/*!40101 SET character_set_client = @saved_cs_client */;

--
-- Dumping data for table `statemaster`
--

LOCK TABLES `statemaster` WRITE;
/*!40000 ALTER TABLE `statemaster` DISABLE KEYS */;
/*!40000 ALTER TABLE `statemaster` ENABLE KEYS */;
UNLOCK TABLES;

--
-- Table structure for table `tablecontrolmaster`
--

DROP TABLE IF EXISTS `tablecontrolmaster`;
/*!40101 SET @saved_cs_client     = @@character_set_client */;
/*!40101 SET character_set_client = utf8 */;
CREATE TABLE `tablecontrolmaster` (
  `TableMasterId` int(11) NOT NULL,
  `FieldName` varchar(45) DEFAULT NULL,
  `ControlTypeName` varchar(45) DEFAULT NULL,
  `Caption` varchar(45) DEFAULT NULL,
  `TableName` varchar(45) DEFAULT NULL,
  `Query` varchar(500) DEFAULT NULL,
  `ComboQuery` varchar(500) DEFAULT NULL,
  `OrderNum` int(11) DEFAULT NULL
) ENGINE=InnoDB DEFAULT CHARSET=latin1;
/*!40101 SET character_set_client = @saved_cs_client */;

--
-- Dumping data for table `tablecontrolmaster`
--

LOCK TABLES `tablecontrolmaster` WRITE;
/*!40000 ALTER TABLE `tablecontrolmaster` DISABLE KEYS */;
INSERT INTO `tablecontrolmaster` VALUES (1,'ItemMasterId','Hideen','ItemMasterId',NULL,'','',1),(1,'ItemName','text','ItemName',NULL,'','',2),(1,'PurRate','text','Purchase Rate',NULL,'','',3),(1,'SaleRate','text','Sale Rate',NULL,'','',4),(1,'VirtualQuantityType','ComboBox','Name','quantitytype','select *  from quantitytype','y.Name for (x,y) in quantitytype track by y.QuantityTypeId',5),(2,'AccountMasterId','Hideen','AccountMasterId',NULL,'','',1),(2,'AccountName','text','Account Name',NULL,'','',2),(2,'Address','text','Address',NULL,'','',3),(2,'City','text','City',NULL,'','',4),(2,'Phone','text','Phone',NULL,'','',5),(2,'VirtualGroupMaster','ComboBox','GroupName','groupmaster','select *  from groupmaster','y.GroupName for (x,y) in groupmaster track by y.GroupMasterId',6),(3,'UnitMasterId','Hideen','UnitMasterId',NULL,'','',1),(3,'Name','text','Name',NULL,'','',2),(3,'FullName','text','FullName',NULL,'','',3),(4,'VoucherTypeId','Hideen','VoucherTypeId',NULL,'','',5),(4,'TranId','Hideen','TranId',NULL,'','',1),(4,'BillNo','text','BillNo',NULL,'','',2),(4,'BillDate','date','BillDate',NULL,'','',3),(4,'VirtualAccountMaster','ComboBox','AccountName','accountmaster','select *  from accountmaster','y.AccountName for (x,y) in accountmaster track by y.AccountMasterId',4),(4,'Total','text','Total',NULL,'','',6),(4,'Remarks','text','Remarks',NULL,'','',7),(5,'IsDeleted','Hideen','IsDeleted',NULL,'','',14),(5,'Srno','TableText','Srno',NULL,'','',3),(5,'TranDetailsId','Hideen','TranDetailsId',NULL,'','',1),(5,'TranId','Hideen','TranId','tran','','',2),(5,'VirtualItemMaster','ComboBox','ItemName','itemmaster','select *  from itemmaster','y.ItemName for (x,y) in itemmaster track by y.ItemMasterId',4),(5,'Height','text','Height',NULL,'','',5),(5,'Length','text','Length',NULL,'','',6),(5,'Width','text','Width',NULL,'','',7),(5,'Quantity','text','Quantity',NULL,'','',8),(5,'Nos','text','Nos',NULL,'','',9),(5,'TotalQuantity','text','TotalQuantity',NULL,'','',10),(5,'Rate','text','Rate',NULL,'','',11),(5,'Amount','text','Amount',NULL,'','',12),(5,'details','text','details',NULL,'','',13),(6,'BankDate','Hideen','BankDate',NULL,'','',7),(6,'Srno','TableText','Srno',NULL,'','',3),(6,'TranfinId','Hideen','TranfinId',NULL,'','',1),(6,'TranId','Hideen','TranId',NULL,'','',2),(6,'VirtualCrDrMaster','ComboBox','CrDrName','crdrmaster','select *  from crdrmaster','y.CrDrName for (x,y) in crdrmaster track by y.CrDrMasterId',4),(6,'VirtualAccountMaster','ComboBox','AccountName','accountmaster','select *  from accountmaster','y.AccountName for (x,y) in accountmaster track by y.AccountMasterId',5),(6,'Amount','text','Amount',NULL,'','',6),(6,'Remark','text','Remark',NULL,'','',8);
/*!40000 ALTER TABLE `tablecontrolmaster` ENABLE KEYS */;
UNLOCK TABLES;

--
-- Table structure for table `tablemaster`
--

DROP TABLE IF EXISTS `tablemaster`;
/*!40101 SET @saved_cs_client     = @@character_set_client */;
/*!40101 SET character_set_client = utf8 */;
CREATE TABLE `tablemaster` (
  `TableMasterId` int(11) NOT NULL,
  `TableName` varchar(45) DEFAULT NULL,
  `MasterKey` varchar(45) DEFAULT NULL,
  PRIMARY KEY (`TableMasterId`)
) ENGINE=InnoDB DEFAULT CHARSET=utf8;
/*!40101 SET character_set_client = @saved_cs_client */;

--
-- Dumping data for table `tablemaster`
--

LOCK TABLES `tablemaster` WRITE;
/*!40000 ALTER TABLE `tablemaster` DISABLE KEYS */;
INSERT INTO `tablemaster` VALUES (1,'ItemMaster','ItemMasterId'),(2,'AccountMaster','AccountMasterId'),(3,'UnitMaster','UnitMasterId'),(4,'Tran','TranId'),(5,'TranDetails','TranId'),(6,'Tranfin','TranId');
/*!40000 ALTER TABLE `tablemaster` ENABLE KEYS */;
UNLOCK TABLES;

--
-- Table structure for table `tracknomaster`
--

DROP TABLE IF EXISTS `tracknomaster`;
/*!40101 SET @saved_cs_client     = @@character_set_client */;
/*!40101 SET character_set_client = utf8 */;
CREATE TABLE `tracknomaster` (
  `TrackNoMasterId` int(11) NOT NULL,
  `Name` varchar(50) DEFAULT NULL,
  PRIMARY KEY (`TrackNoMasterId`)
) ENGINE=InnoDB DEFAULT CHARSET=latin1;
/*!40101 SET character_set_client = @saved_cs_client */;

--
-- Dumping data for table `tracknomaster`
--

LOCK TABLES `tracknomaster` WRITE;
/*!40000 ALTER TABLE `tracknomaster` DISABLE KEYS */;
/*!40000 ALTER TABLE `tracknomaster` ENABLE KEYS */;
UNLOCK TABLES;

--
-- Table structure for table `tran`
--

DROP TABLE IF EXISTS `tran`;
/*!40101 SET @saved_cs_client     = @@character_set_client */;
/*!40101 SET character_set_client = utf8 */;
CREATE TABLE `tran` (
  `TranId` int(11) NOT NULL AUTO_INCREMENT,
  `BillNo` varchar(45) DEFAULT NULL,
  `BillDate` date DEFAULT NULL,
  `AccountMasterId` int(11) DEFAULT NULL,
  `VoucherTypeId` int(11) DEFAULT NULL,
  `Total` varchar(45) DEFAULT NULL,
  `Remarks` varchar(45) DEFAULT NULL,
  PRIMARY KEY (`TranId`),
  KEY `Tran_AccountMaster_AccountMasterId_idx` (`AccountMasterId`),
  CONSTRAINT `Tran_AccountMaster_AccountMasterId` FOREIGN KEY (`AccountMasterId`) REFERENCES `accountmaster` (`AccountMasterId`) ON DELETE NO ACTION ON UPDATE NO ACTION
) ENGINE=InnoDB AUTO_INCREMENT=219 DEFAULT CHARSET=utf8;
/*!40101 SET character_set_client = @saved_cs_client */;

--
-- Dumping data for table `tran`
--

LOCK TABLES `tran` WRITE;
/*!40000 ALTER TABLE `tran` DISABLE KEYS */;
INSERT INTO `tran` VALUES (180,NULL,NULL,NULL,NULL,'699',NULL),(182,NULL,NULL,NULL,NULL,'501',NULL),(186,NULL,NULL,NULL,NULL,'504',NULL),(188,NULL,NULL,NULL,NULL,'2',NULL),(191,NULL,NULL,NULL,NULL,'510',NULL),(193,NULL,NULL,NULL,NULL,'520',NULL),(195,'333','2019-04-05',7,3,'32','3'),(209,'1','2019-04-11',7,14,'500','33'),(210,'1','2019-04-11',NULL,16,'666','22'),(211,'1','2019-04-12',7,10,'1695','3'),(214,'2','2019-04-15',10,10,'50','aaaa'),(215,NULL,'2019-04-16',571,14,'22',NULL),(216,'555','2019-04-16',9,10,'102','10'),(217,'777','2019-04-16',9,10,'1094.25','r1'),(218,NULL,'2019-04-16',12,10,'9112','dfsd');
/*!40000 ALTER TABLE `tran` ENABLE KEYS */;
UNLOCK TABLES;

--
-- Table structure for table `trandetails`
--

DROP TABLE IF EXISTS `trandetails`;
/*!40101 SET @saved_cs_client     = @@character_set_client */;
/*!40101 SET character_set_client = utf8 */;
CREATE TABLE `trandetails` (
  `TranDetailsId` int(11) NOT NULL AUTO_INCREMENT,
  `TranId` int(11) DEFAULT NULL,
  `Srno` int(11) DEFAULT NULL,
  `ItemMasterId` int(11) DEFAULT NULL,
  `Height` float DEFAULT NULL,
  `Length` float DEFAULT NULL,
  `Width` float DEFAULT NULL,
  `Quantity` float DEFAULT NULL,
  `Nos` float DEFAULT NULL,
  `TotalQuantity` float DEFAULT NULL,
  `Rate` float DEFAULT NULL,
  `Amount` float DEFAULT NULL,
  `details` varchar(45) DEFAULT NULL,
  `IsDeleted` int(11) NOT NULL DEFAULT '0',
  PRIMARY KEY (`TranDetailsId`),
  KEY `Trandetails_ItemMaster_idx` (`ItemMasterId`),
  KEY `Trandetails_Tran_idx` (`TranId`),
  CONSTRAINT `Trandetails_ItemMaster` FOREIGN KEY (`ItemMasterId`) REFERENCES `itemmaster` (`ItemMasterId`) ON DELETE NO ACTION ON UPDATE NO ACTION,
  CONSTRAINT `Trandetails_Tran` FOREIGN KEY (`TranId`) REFERENCES `tran` (`TranId`) ON DELETE NO ACTION ON UPDATE NO ACTION
) ENGINE=InnoDB AUTO_INCREMENT=44 DEFAULT CHARSET=utf8;
/*!40101 SET character_set_client = @saved_cs_client */;

--
-- Dumping data for table `trandetails`
--

LOCK TABLES `trandetails` WRITE;
/*!40000 ALTER TABLE `trandetails` DISABLE KEYS */;
INSERT INTO `trandetails` VALUES (16,195,1,10,25,66,32,32,32,32,32,32,'32',0),(36,211,1,22,NULL,NULL,NULL,NULL,NULL,60,2,120,NULL,0),(37,211,2,9,NULL,NULL,NULL,NULL,NULL,25,63,1575,NULL,0),(38,214,1,10,NULL,NULL,NULL,NULL,NULL,25,2,50,NULL,0),(39,216,1,18,12,20,NULL,NULL,1,2,21,42,NULL,0),(40,216,2,18,2,3,NULL,NULL,10,20,3,60,NULL,0),(41,217,1,18,10,20,NULL,142.375,2,284.75,3,854.25,NULL,0),(42,217,2,22,2,2,3,12,10,120,2,240,NULL,0),(43,218,1,18,10,20,NULL,142.375,32,4556,2,9112,NULL,0);
/*!40000 ALTER TABLE `trandetails` ENABLE KEYS */;
UNLOCK TABLES;

--
-- Table structure for table `tranfin`
--

DROP TABLE IF EXISTS `tranfin`;
/*!40101 SET @saved_cs_client     = @@character_set_client */;
/*!40101 SET character_set_client = utf8 */;
CREATE TABLE `tranfin` (
  `TranfinId` int(11) NOT NULL AUTO_INCREMENT,
  `TranId` int(11) NOT NULL,
  `Srno` int(11) DEFAULT NULL,
  `CrDrMasterId` int(11) DEFAULT NULL,
  `AccountMasterId` int(11) DEFAULT NULL,
  `Amount` decimal(18,2) DEFAULT NULL,
  `BankDate` datetime DEFAULT NULL,
  `Remark` varchar(45) DEFAULT NULL,
  PRIMARY KEY (`TranfinId`),
  KEY `aa_idx` (`AccountMasterId`),
  KEY `bb_idx` (`CrDrMasterId`),
  CONSTRAINT `aa` FOREIGN KEY (`AccountMasterId`) REFERENCES `accountmaster` (`AccountMasterId`) ON DELETE NO ACTION ON UPDATE NO ACTION,
  CONSTRAINT `bb` FOREIGN KEY (`CrDrMasterId`) REFERENCES `crdrmaster` (`CrDrMasterId`) ON DELETE NO ACTION ON UPDATE NO ACTION
) ENGINE=InnoDB AUTO_INCREMENT=37 DEFAULT CHARSET=utf8;
/*!40101 SET character_set_client = @saved_cs_client */;

--
-- Dumping data for table `tranfin`
--

LOCK TABLES `tranfin` WRITE;
/*!40000 ALTER TABLE `tranfin` DISABLE KEYS */;
INSERT INTO `tranfin` VALUES (1,0,1,NULL,NULL,333.00,NULL,NULL),(2,0,1,NULL,NULL,333.00,NULL,NULL),(9,180,1,2,10,33.00,'0000-00-00 00:00:00','33'),(10,180,2,1,17,666.00,NULL,NULL),(11,182,1,2,10,501.00,'0000-00-00 00:00:00','501'),(31,209,1,2,10,500.00,NULL,'r1'),(34,210,1,2,9,333.00,NULL,'r3'),(35,210,2,1,11,333.00,NULL,'f1'),(36,215,1,2,15,22.00,NULL,'aaa');
/*!40000 ALTER TABLE `tranfin` ENABLE KEYS */;
UNLOCK TABLES;

--
-- Table structure for table `transaction2`
--

DROP TABLE IF EXISTS `transaction2`;
/*!40101 SET @saved_cs_client     = @@character_set_client */;
/*!40101 SET character_set_client = utf8 */;
CREATE TABLE `transaction2` (
  `TransactionId` int(11) NOT NULL,
  `BillNo` varchar(50) DEFAULT NULL,
  `InvoiceDate` varchar(50) DEFAULT NULL,
  `TransactionDate` datetime(6) DEFAULT NULL,
  `TypeMasterId` int(11) NOT NULL,
  `Remark` longtext,
  `RateTypeMasterId` bigint(20) DEFAULT NULL,
  `YearMasterId` bigint(20) DEFAULT NULL,
  `CrDrMasterId` int(11) DEFAULT NULL,
  `PartyName` varchar(50) DEFAULT NULL,
  PRIMARY KEY (`TransactionId`),
  KEY `FK_Transaction_RateTypeMaster` (`RateTypeMasterId`),
  KEY `FK_Transaction_TypeMaster` (`TypeMasterId`),
  KEY `FK_Transaction_YearMaster` (`YearMasterId`),
  CONSTRAINT `FK_Transaction_RateTypeMaster` FOREIGN KEY (`RateTypeMasterId`) REFERENCES `ratetypemaster` (`RateTypeMasterId`) ON DELETE NO ACTION ON UPDATE NO ACTION,
  CONSTRAINT `FK_Transaction_TypeMaster` FOREIGN KEY (`TypeMasterId`) REFERENCES `typemaster` (`TypeMasterId`) ON DELETE NO ACTION ON UPDATE NO ACTION,
  CONSTRAINT `FK_Transaction_YearMaster` FOREIGN KEY (`YearMasterId`) REFERENCES `yearmaster` (`YearMasterId`) ON DELETE NO ACTION ON UPDATE NO ACTION
) ENGINE=InnoDB DEFAULT CHARSET=latin1;
/*!40101 SET character_set_client = @saved_cs_client */;

--
-- Dumping data for table `transaction2`
--

LOCK TABLES `transaction2` WRITE;
/*!40000 ALTER TABLE `transaction2` DISABLE KEYS */;
/*!40000 ALTER TABLE `transaction2` ENABLE KEYS */;
UNLOCK TABLES;

--
-- Table structure for table `transactiondetails`
--

DROP TABLE IF EXISTS `transactiondetails`;
/*!40101 SET @saved_cs_client     = @@character_set_client */;
/*!40101 SET character_set_client = utf8 */;
CREATE TABLE `transactiondetails` (
  `TransactionDetailsId` int(11) NOT NULL,
  `TransactionId` int(11) DEFAULT NULL,
  `AccountMasterId` int(11) DEFAULT NULL,
  `Amount` decimal(19,4) DEFAULT NULL,
  `BankDate` datetime(6) DEFAULT NULL,
  `Remark` varchar(50) DEFAULT NULL,
  `TrackNoMasterId` int(11) DEFAULT NULL,
  `HSD` int(11) DEFAULT NULL,
  PRIMARY KEY (`TransactionDetailsId`),
  KEY `FK_TransactionDetails_AccountMaster` (`AccountMasterId`),
  KEY `FK_TransactionDetails_Transaction` (`TransactionId`),
  CONSTRAINT `FK_TransactionDetails_AccountMaster` FOREIGN KEY (`AccountMasterId`) REFERENCES `accountmaster2` (`AccountMasterId`) ON DELETE NO ACTION ON UPDATE NO ACTION,
  CONSTRAINT `FK_TransactionDetails_Transaction` FOREIGN KEY (`TransactionId`) REFERENCES `transaction2` (`TransactionId`) ON DELETE NO ACTION ON UPDATE NO ACTION
) ENGINE=InnoDB DEFAULT CHARSET=latin1;
/*!40101 SET character_set_client = @saved_cs_client */;

--
-- Dumping data for table `transactiondetails`
--

LOCK TABLES `transactiondetails` WRITE;
/*!40000 ALTER TABLE `transactiondetails` DISABLE KEYS */;
/*!40000 ALTER TABLE `transactiondetails` ENABLE KEYS */;
UNLOCK TABLES;

--
-- Table structure for table `transactioninventory`
--

DROP TABLE IF EXISTS `transactioninventory`;
/*!40101 SET @saved_cs_client     = @@character_set_client */;
/*!40101 SET character_set_client = utf8 */;
CREATE TABLE `transactioninventory` (
  `TransactionInventoryId` int(11) NOT NULL,
  `TransactionId` int(11) DEFAULT NULL,
  `SrNo` int(11) DEFAULT NULL,
  `ItemMasterId` int(11) DEFAULT NULL,
  `Quantity` decimal(28,3) DEFAULT NULL,
  `UnitMasterId` int(11) DEFAULT NULL,
  `Rate` decimal(19,4) DEFAULT NULL,
  `Total` decimal(19,4) DEFAULT NULL,
  `QuantityUnitItemMasterId` bigint(20) DEFAULT NULL,
  `QuantityRatio` decimal(28,13) DEFAULT NULL,
  `DiscountPercentage` decimal(28,13) DEFAULT NULL,
  `DiscountAmount` decimal(19,4) DEFAULT NULL,
  `VatWithoutAmount` decimal(19,4) DEFAULT NULL,
  `VatAmount` decimal(19,4) DEFAULT NULL,
  `VatWityAmount` decimal(19,4) DEFAULT NULL,
  `GodownMasterId` bigint(20) DEFAULT NULL,
  `BatNo` varchar(50) DEFAULT NULL,
  `ManuFactureDate` datetime(6) DEFAULT NULL,
  `ExpireDate` datetime(6) DEFAULT NULL,
  `Remark` varchar(50) DEFAULT NULL,
  `TrackNoMasterId` int(11) DEFAULT NULL,
  `Carting` decimal(19,4) DEFAULT '0.0000',
  `Royalty` varchar(50) DEFAULT NULL,
  `RefTransactionInventoryId` int(11) DEFAULT '0',
  PRIMARY KEY (`TransactionInventoryId`),
  KEY `FK_TransactionInventory_GodownMaster` (`GodownMasterId`),
  KEY `FK_TransactionInventory_ItemMaster` (`ItemMasterId`),
  KEY `FK_TransactionInventory_Transaction` (`TransactionId`),
  KEY `FK_TransactionInventory_UnitMaster` (`UnitMasterId`),
  CONSTRAINT `FK_TransactionInventory_GodownMaster` FOREIGN KEY (`GodownMasterId`) REFERENCES `godownmaster` (`GodownMasterId`) ON DELETE NO ACTION ON UPDATE NO ACTION,
  CONSTRAINT `FK_TransactionInventory_ItemMaster` FOREIGN KEY (`ItemMasterId`) REFERENCES `itemmaster` (`ItemMasterId`) ON DELETE NO ACTION ON UPDATE NO ACTION,
  CONSTRAINT `FK_TransactionInventory_Transaction` FOREIGN KEY (`TransactionId`) REFERENCES `transaction2` (`TransactionId`) ON DELETE NO ACTION ON UPDATE NO ACTION,
  CONSTRAINT `FK_TransactionInventory_UnitMaster` FOREIGN KEY (`UnitMasterId`) REFERENCES `unitmaster` (`UnitMasterId`) ON DELETE NO ACTION ON UPDATE NO ACTION
) ENGINE=InnoDB DEFAULT CHARSET=latin1;
/*!40101 SET character_set_client = @saved_cs_client */;

--
-- Dumping data for table `transactioninventory`
--

LOCK TABLES `transactioninventory` WRITE;
/*!40000 ALTER TABLE `transactioninventory` DISABLE KEYS */;
/*!40000 ALTER TABLE `transactioninventory` ENABLE KEYS */;
UNLOCK TABLES;

--
-- Table structure for table `typemaster`
--

DROP TABLE IF EXISTS `typemaster`;
/*!40101 SET @saved_cs_client     = @@character_set_client */;
/*!40101 SET character_set_client = utf8 */;
CREATE TABLE `typemaster` (
  `TypeMasterId` int(11) NOT NULL,
  `Name` varchar(50) DEFAULT NULL,
  `drgroup` int(11) DEFAULT NULL,
  `drledger` int(11) DEFAULT NULL,
  `crgroup` int(11) DEFAULT NULL,
  `crledger` int(11) DEFAULT NULL,
  `InOut` int(11) DEFAULT NULL,
  `ShowRemark` int(11) DEFAULT '0',
  PRIMARY KEY (`TypeMasterId`)
) ENGINE=InnoDB DEFAULT CHARSET=latin1;
/*!40101 SET character_set_client = @saved_cs_client */;

--
-- Dumping data for table `typemaster`
--

LOCK TABLES `typemaster` WRITE;
/*!40000 ALTER TABLE `typemaster` DISABLE KEYS */;
INSERT INTO `typemaster` VALUES (1,'Purchase Vouchaser',0,3,0,0,1,NULL),(2,'Sales Vouchaser',0,0,0,2,-1,1),(3,'Cash Payments',0,0,0,1,0,NULL),(4,'Cash Receipt',0,1,0,0,0,NULL),(5,'Journal Voucher',0,0,0,0,0,NULL),(6,'Bank Payments',0,0,20,0,0,NULL),(7,'Bank Receipt',20,0,0,0,0,NULL),(9,'Purchase Challan',0,3,0,0,1,NULL),(11,'Purchase Challan Base Inovice',0,3,0,0,0,NULL),(13,'Expenses Deails',0,136,0,137,0,NULL);
/*!40000 ALTER TABLE `typemaster` ENABLE KEYS */;
UNLOCK TABLES;

--
-- Table structure for table `unititemmaster`
--

DROP TABLE IF EXISTS `unititemmaster`;
/*!40101 SET @saved_cs_client     = @@character_set_client */;
/*!40101 SET character_set_client = utf8 */;
CREATE TABLE `unititemmaster` (
  `UnitItemMasterId` int(11) NOT NULL AUTO_INCREMENT,
  `ItemMasterId` int(11) NOT NULL,
  `UnitMasterId` int(11) NOT NULL,
  `Ratio` decimal(28,13) NOT NULL,
  PRIMARY KEY (`UnitItemMasterId`),
  KEY `FK_UnitItemMaster_ItemMaster` (`ItemMasterId`),
  KEY `FK_UnitItemMaster_UnitMaster` (`UnitMasterId`),
  CONSTRAINT `FK_UnitItemMaster_ItemMaster` FOREIGN KEY (`ItemMasterId`) REFERENCES `itemmaster` (`ItemMasterId`) ON DELETE NO ACTION ON UPDATE NO ACTION,
  CONSTRAINT `FK_UnitItemMaster_UnitMaster` FOREIGN KEY (`UnitMasterId`) REFERENCES `unitmaster` (`UnitMasterId`) ON DELETE NO ACTION ON UPDATE NO ACTION
) ENGINE=InnoDB DEFAULT CHARSET=latin1;
/*!40101 SET character_set_client = @saved_cs_client */;

--
-- Dumping data for table `unititemmaster`
--

LOCK TABLES `unititemmaster` WRITE;
/*!40000 ALTER TABLE `unititemmaster` DISABLE KEYS */;
/*!40000 ALTER TABLE `unititemmaster` ENABLE KEYS */;
UNLOCK TABLES;

--
-- Table structure for table `unitmaster`
--

DROP TABLE IF EXISTS `unitmaster`;
/*!40101 SET @saved_cs_client     = @@character_set_client */;
/*!40101 SET character_set_client = utf8 */;
CREATE TABLE `unitmaster` (
  `UnitMasterId` int(11) NOT NULL AUTO_INCREMENT,
  `Name` varchar(50) DEFAULT NULL,
  `FullName` varchar(50) DEFAULT NULL,
  PRIMARY KEY (`UnitMasterId`)
) ENGINE=InnoDB AUTO_INCREMENT=28 DEFAULT CHARSET=utf8;
/*!40101 SET character_set_client = @saved_cs_client */;

--
-- Dumping data for table `unitmaster`
--

LOCK TABLES `unitmaster` WRITE;
/*!40000 ALTER TABLE `unitmaster` DISABLE KEYS */;
INSERT INTO `unitmaster` VALUES (12,'KG','Kilo Gram'),(13,'mili','Mili Grame'),(27,'aaa','aaa');
/*!40000 ALTER TABLE `unitmaster` ENABLE KEYS */;
UNLOCK TABLES;

--
-- Table structure for table `usergroupmaster`
--

DROP TABLE IF EXISTS `usergroupmaster`;
/*!40101 SET @saved_cs_client     = @@character_set_client */;
/*!40101 SET character_set_client = utf8 */;
CREATE TABLE `usergroupmaster` (
  `UserGroupMasterId` bigint(20) NOT NULL,
  `Name` varchar(50) DEFAULT NULL,
  PRIMARY KEY (`UserGroupMasterId`)
) ENGINE=InnoDB DEFAULT CHARSET=latin1;
/*!40101 SET character_set_client = @saved_cs_client */;

--
-- Dumping data for table `usergroupmaster`
--

LOCK TABLES `usergroupmaster` WRITE;
/*!40000 ALTER TABLE `usergroupmaster` DISABLE KEYS */;
/*!40000 ALTER TABLE `usergroupmaster` ENABLE KEYS */;
UNLOCK TABLES;

--
-- Table structure for table `usergroupmenudetails`
--

DROP TABLE IF EXISTS `usergroupmenudetails`;
/*!40101 SET @saved_cs_client     = @@character_set_client */;
/*!40101 SET character_set_client = utf8 */;
CREATE TABLE `usergroupmenudetails` (
  `UserGroupMenuDetailsId` bigint(20) NOT NULL,
  `UserGroupMasterId` bigint(20) NOT NULL,
  `MenuMasterId` bigint(20) NOT NULL,
  PRIMARY KEY (`UserGroupMenuDetailsId`),
  KEY `FK_UserGroupMenuDetails_UserGroupMaster` (`UserGroupMasterId`),
  CONSTRAINT `FK_UserGroupMenuDetails_UserGroupMaster` FOREIGN KEY (`UserGroupMasterId`) REFERENCES `usergroupmaster` (`UserGroupMasterId`) ON DELETE NO ACTION ON UPDATE NO ACTION
) ENGINE=InnoDB DEFAULT CHARSET=latin1;
/*!40101 SET character_set_client = @saved_cs_client */;

--
-- Dumping data for table `usergroupmenudetails`
--

LOCK TABLES `usergroupmenudetails` WRITE;
/*!40000 ALTER TABLE `usergroupmenudetails` DISABLE KEYS */;
/*!40000 ALTER TABLE `usergroupmenudetails` ENABLE KEYS */;
UNLOCK TABLES;

--
-- Table structure for table `usermaster`
--

DROP TABLE IF EXISTS `usermaster`;
/*!40101 SET @saved_cs_client     = @@character_set_client */;
/*!40101 SET character_set_client = utf8 */;
CREATE TABLE `usermaster` (
  `UserMasterId` bigint(20) NOT NULL,
  `Name` varchar(50) NOT NULL,
  `UserGroupMenuDetailsId` bigint(20) NOT NULL,
  PRIMARY KEY (`UserMasterId`),
  KEY `FK_UserMaster_UserGroupMenuDetails` (`UserGroupMenuDetailsId`),
  CONSTRAINT `FK_UserMaster_UserGroupMenuDetails` FOREIGN KEY (`UserGroupMenuDetailsId`) REFERENCES `usergroupmenudetails` (`UserGroupMenuDetailsId`) ON DELETE NO ACTION ON UPDATE NO ACTION
) ENGINE=InnoDB DEFAULT CHARSET=latin1;
/*!40101 SET character_set_client = @saved_cs_client */;

--
-- Dumping data for table `usermaster`
--

LOCK TABLES `usermaster` WRITE;
/*!40000 ALTER TABLE `usermaster` DISABLE KEYS */;
/*!40000 ALTER TABLE `usermaster` ENABLE KEYS */;
UNLOCK TABLES;

--
-- Table structure for table `vouchertype`
--

DROP TABLE IF EXISTS `vouchertype`;
/*!40101 SET @saved_cs_client     = @@character_set_client */;
/*!40101 SET character_set_client = utf8 */;
CREATE TABLE `vouchertype` (
  `VoucherTypeId` int(11) NOT NULL,
  `Name` varchar(45) DEFAULT NULL,
  `Color` varchar(45) DEFAULT NULL,
  `TemplateName` varchar(45) DEFAULT NULL,
  `Visible` int(11) DEFAULT '1',
  `CrDrValue` int(11) DEFAULT NULL,
  `InOutValue` int(11) DEFAULT NULL,
  `PrintTemplateName` varchar(45) DEFAULT NULL,
  `jsonFileName` varchar(45) DEFAULT NULL,
  `tablename` varchar(45) DEFAULT NULL,
  `Rate` varchar(45) DEFAULT NULL,
  `CrDrMasterId` int(11) DEFAULT NULL,
  PRIMARY KEY (`VoucherTypeId`)
) ENGINE=InnoDB DEFAULT CHARSET=utf8;
/*!40101 SET character_set_client = @saved_cs_client */;

--
-- Dumping data for table `vouchertype`
--

LOCK TABLES `vouchertype` WRITE;
/*!40000 ALTER TABLE `vouchertype` DISABLE KEYS */;
INSERT INTO `vouchertype` VALUES (1,'Purchase Vouchse','Red','sales',0,1,1,'salesprint',NULL,NULL,NULL,NULL),(2,'Sales','green','sales',0,-1,-1,'salesprint',NULL,NULL,NULL,NULL),(3,'Purachase Return','skyblue','sales',0,-1,-1,'salesprint',NULL,NULL,NULL,NULL),(4,'Sales Return','purple','sales',0,1,1,'salesprint',NULL,NULL,NULL,NULL),(5,'Cash Receipt','Green','cash',0,1,0,'CashPrint',NULL,NULL,NULL,NULL),(6,'Cash Payment','Red','cash',0,-1,0,'CashPrint',NULL,NULL,NULL,NULL),(7,'Bank Receipt','Green','bank',0,0,0,NULL,NULL,NULL,NULL,NULL),(8,'Bank Payment','Red','bank',0,0,0,NULL,NULL,NULL,NULL,NULL),(9,'Journal Vourcher','Yellow','jv',0,0,0,NULL,NULL,NULL,NULL,NULL),(10,'Purchase','pink','Tran',1,1,1,'','inventory','TranDetails','PurRate',NULL),(11,'Sales','green','Tran',1,-1,-1,'salesprint','inventory','TranDetails','SaleRate',NULL),(12,'Cash Receipt','Green','Tran',1,NULL,NULL,NULL,'cash','',NULL,NULL),(13,'Cash payment','Red','Tran',1,NULL,NULL,NULL,'cash','',NULL,NULL),(14,'Bank Receipt','Green','Tran',1,NULL,NULL,NULL,'bank','Tranfin',NULL,1),(15,'Bank Payment','Red','Tran',1,NULL,NULL,NULL,'bank','Tranfin',NULL,2),(16,'JV','Yellow','Tran',1,NULL,NULL,NULL,'jv','Tranfin',NULL,NULL);
/*!40000 ALTER TABLE `vouchertype` ENABLE KEYS */;
UNLOCK TABLES;

--
-- Temporary view structure for view `vwaccountdetails`
--

DROP TABLE IF EXISTS `vwaccountdetails`;
/*!50001 DROP VIEW IF EXISTS `vwaccountdetails`*/;
SET @saved_cs_client     = @@character_set_client;
SET character_set_client = utf8;
/*!50001 CREATE VIEW `vwaccountdetails` AS SELECT 
 1 AS `TranId`,
 1 AS `BillNo`,
 1 AS `BillDate`,
 1 AS `AccountMasterId`,
 1 AS `VoucherTypeId`,
 1 AS `Debite`,
 1 AS `Credit`,
 1 AS `Bal`,
 1 AS `TemplateName`,
 1 AS `Remarks`,
 1 AS `Color`,
 1 AS `name`,
 1 AS `MenuMasterId`*/;
SET character_set_client = @saved_cs_client;

--
-- Temporary view structure for view `vwaccountmaster`
--

DROP TABLE IF EXISTS `vwaccountmaster`;
/*!50001 DROP VIEW IF EXISTS `vwaccountmaster`*/;
SET @saved_cs_client     = @@character_set_client;
SET character_set_client = utf8;
/*!50001 CREATE VIEW `vwaccountmaster` AS SELECT 
 1 AS `AccountMasterId`,
 1 AS `AccountName`,
 1 AS `Address`,
 1 AS `City`,
 1 AS `Phone`,
 1 AS `Balance`*/;
SET character_set_client = @saved_cs_client;

--
-- Temporary view structure for view `vwformcontrolmaster`
--

DROP TABLE IF EXISTS `vwformcontrolmaster`;
/*!50001 DROP VIEW IF EXISTS `vwformcontrolmaster`*/;
SET @saved_cs_client     = @@character_set_client;
SET character_set_client = utf8;
/*!50001 CREATE VIEW `vwformcontrolmaster` AS SELECT 
 1 AS `FormTableId`,
 1 AS `FieldName`,
 1 AS `ControlTypeName`,
 1 AS `Caption`,
 1 AS `TableName`,
 1 AS `Query`,
 1 AS `ComboQuery`,
 1 AS `onchange`,
 1 AS `Aggregate`,
 1 AS `WhereCondition`,
 1 AS `DefaultData`,
 1 AS `SelectField`,
 1 AS `filter`,
 1 AS `orderNum`*/;
SET character_set_client = @saved_cs_client;

--
-- Temporary view structure for view `vwitemdetails`
--

DROP TABLE IF EXISTS `vwitemdetails`;
/*!50001 DROP VIEW IF EXISTS `vwitemdetails`*/;
SET @saved_cs_client     = @@character_set_client;
SET character_set_client = utf8;
/*!50001 CREATE VIEW `vwitemdetails` AS SELECT 
 1 AS `BillNo`,
 1 AS `BillDate`,
 1 AS `accountName`,
 1 AS `Inward`,
 1 AS `OutWard`,
 1 AS `Stock`,
 1 AS `Amount`,
 1 AS `ItemMasterId`,
 1 AS `TemplateName`,
 1 AS `VoucherTypeId`,
 1 AS `TranId`,
 1 AS `MenuMasterId`*/;
SET character_set_client = @saved_cs_client;

--
-- Temporary view structure for view `vwitemmaster`
--

DROP TABLE IF EXISTS `vwitemmaster`;
/*!50001 DROP VIEW IF EXISTS `vwitemmaster`*/;
SET @saved_cs_client     = @@character_set_client;
SET character_set_client = utf8;
/*!50001 CREATE VIEW `vwitemmaster` AS SELECT 
 1 AS `ItemMasterId`,
 1 AS `ItemName`,
 1 AS `PurRate`,
 1 AS `SaleRate`,
 1 AS `QuantityTypeId`,
 1 AS `QuantityTypeName`,
 1 AS `Stock`*/;
SET character_set_client = @saved_cs_client;

--
-- Temporary view structure for view `vwtranscation`
--

DROP TABLE IF EXISTS `vwtranscation`;
/*!50001 DROP VIEW IF EXISTS `vwtranscation`*/;
SET @saved_cs_client     = @@character_set_client;
SET character_set_client = utf8;
/*!50001 CREATE VIEW `vwtranscation` AS SELECT 
 1 AS `TranId`,
 1 AS `BillDate`,
 1 AS `BillNo`,
 1 AS `VoucherTypeId`,
 1 AS `AccountName`,
 1 AS `Address`,
 1 AS `VoucherName`,
 1 AS `TemplateName`,
 1 AS `PrintTemplateName`,
 1 AS `MenuMasterId`,
 1 AS `Total`,
 1 AS `Remarks`*/;
SET character_set_client = @saved_cs_client;

--
-- Table structure for table `yearmaster`
--

DROP TABLE IF EXISTS `yearmaster`;
/*!40101 SET @saved_cs_client     = @@character_set_client */;
/*!40101 SET character_set_client = utf8 */;
CREATE TABLE `yearmaster` (
  `YearMasterId` bigint(20) NOT NULL,
  `CompanyMasterId` int(11) NOT NULL,
  `StartDate` date DEFAULT NULL,
  `EndDate` date DEFAULT NULL,
  PRIMARY KEY (`YearMasterId`),
  KEY `FK_YearMaster_CompanyMaster` (`CompanyMasterId`),
  CONSTRAINT `FK_YearMaster_CompanyMaster` FOREIGN KEY (`CompanyMasterId`) REFERENCES `companymaster` (`CompanyMasterId`) ON DELETE NO ACTION ON UPDATE NO ACTION
) ENGINE=InnoDB DEFAULT CHARSET=latin1;
/*!40101 SET character_set_client = @saved_cs_client */;

--
-- Dumping data for table `yearmaster`
--

LOCK TABLES `yearmaster` WRITE;
/*!40000 ALTER TABLE `yearmaster` DISABLE KEYS */;
/*!40000 ALTER TABLE `yearmaster` ENABLE KEYS */;
UNLOCK TABLES;

--
-- Final view structure for view `vwaccountdetails`
--

/*!50001 DROP VIEW IF EXISTS `vwaccountdetails`*/;
/*!50001 SET @saved_cs_client          = @@character_set_client */;
/*!50001 SET @saved_cs_results         = @@character_set_results */;
/*!50001 SET @saved_col_connection     = @@collation_connection */;
/*!50001 SET character_set_client      = utf8 */;
/*!50001 SET character_set_results     = utf8 */;
/*!50001 SET collation_connection      = utf8_general_ci */;
/*!50001 CREATE ALGORITHM=UNDEFINED */
/*!50013 DEFINER=`root`@`localhost` SQL SECURITY DEFINER */
/*!50001 VIEW `vwaccountdetails` AS select `t`.`TranId` AS `TranId`,`t`.`BillNo` AS `BillNo`,`t`.`BillDate` AS `BillDate`,`t`.`AccountMasterId` AS `AccountMasterId`,`t`.`VoucherTypeId` AS `VoucherTypeId`,if((`v`.`CrDrValue` = -(1)),abs((`t`.`Total` * `v`.`CrDrValue`)),0) AS `Debite`,if((`v`.`CrDrValue` = 1),(`t`.`Total` * `v`.`CrDrValue`),0) AS `Credit`,(`t`.`Total` * `v`.`CrDrValue`) AS `Bal`,`v`.`TemplateName` AS `TemplateName`,`t`.`Remarks` AS `Remarks`,`v`.`Color` AS `Color`,`v`.`Name` AS `name`,`m`.`MenuMasterId` AS `MenuMasterId` from ((`tran` `t` join `vouchertype` `v` on((`v`.`VoucherTypeId` = `t`.`VoucherTypeId`))) join `menumaster` `m` on((`m`.`VoucherTypeId` = `t`.`VoucherTypeId`))) */;
/*!50001 SET character_set_client      = @saved_cs_client */;
/*!50001 SET character_set_results     = @saved_cs_results */;
/*!50001 SET collation_connection      = @saved_col_connection */;

--
-- Final view structure for view `vwaccountmaster`
--

/*!50001 DROP VIEW IF EXISTS `vwaccountmaster`*/;
/*!50001 SET @saved_cs_client          = @@character_set_client */;
/*!50001 SET @saved_cs_results         = @@character_set_results */;
/*!50001 SET @saved_col_connection     = @@collation_connection */;
/*!50001 SET character_set_client      = utf8 */;
/*!50001 SET character_set_results     = utf8 */;
/*!50001 SET collation_connection      = utf8_general_ci */;
/*!50001 CREATE ALGORITHM=UNDEFINED */
/*!50013 DEFINER=`root`@`localhost` SQL SECURITY DEFINER */
/*!50001 VIEW `vwaccountmaster` AS select `a`.`AccountMasterId` AS `AccountMasterId`,`a`.`AccountName` AS `AccountName`,`a`.`Address` AS `Address`,`a`.`City` AS `City`,`a`.`Phone` AS `Phone`,if((sum((`t`.`Total` * `v`.`CrDrValue`)) > 0),concat(round(sum((`t`.`Total` * `v`.`CrDrValue`)),2),' Cr'),concat((round(sum((`t`.`Total` * `v`.`CrDrValue`)),2) * -(1)),' Dr')) AS `Balance` from ((`accountmaster` `a` left join `tran` `t` on((`a`.`AccountMasterId` = `t`.`AccountMasterId`))) left join `vouchertype` `v` on((`v`.`VoucherTypeId` = `t`.`VoucherTypeId`))) group by `a`.`AccountMasterId`,`a`.`AccountName`,`a`.`Address`,`a`.`City`,`a`.`Phone` */;
/*!50001 SET character_set_client      = @saved_cs_client */;
/*!50001 SET character_set_results     = @saved_cs_results */;
/*!50001 SET collation_connection      = @saved_col_connection */;

--
-- Final view structure for view `vwformcontrolmaster`
--

/*!50001 DROP VIEW IF EXISTS `vwformcontrolmaster`*/;
/*!50001 SET @saved_cs_client          = @@character_set_client */;
/*!50001 SET @saved_cs_results         = @@character_set_results */;
/*!50001 SET @saved_col_connection     = @@collation_connection */;
/*!50001 SET character_set_client      = utf8 */;
/*!50001 SET character_set_results     = utf8 */;
/*!50001 SET collation_connection      = utf8_general_ci */;
/*!50001 CREATE ALGORITHM=UNDEFINED */
/*!50013 DEFINER=`root`@`localhost` SQL SECURITY DEFINER */
/*!50001 VIEW `vwformcontrolmaster` AS select `formtable`.`FormTableId` AS `FormTableId`,if(isnull(`formcontrolmaster`.`FieldName`),`tablecontrolmaster`.`FieldName`,`formcontrolmaster`.`FieldName`) AS `FieldName`,if((isnull(`formcontrolmaster`.`FieldName`) or isnull(`formcontrolmaster`.`ControlTypeName`)),`tablecontrolmaster`.`ControlTypeName`,`formcontrolmaster`.`ControlTypeName`) AS `ControlTypeName`,if((isnull(`formcontrolmaster`.`FieldName`) or isnull(`formcontrolmaster`.`Caption`)),`tablecontrolmaster`.`Caption`,`formcontrolmaster`.`Caption`) AS `Caption`,if((isnull(`formcontrolmaster`.`FieldName`) or isnull(`formcontrolmaster`.`TableName`)),`tablecontrolmaster`.`TableName`,`formcontrolmaster`.`TableName`) AS `TableName`,if((isnull(`formcontrolmaster`.`FieldName`) or isnull(`formcontrolmaster`.`TableName`)),`tablecontrolmaster`.`Query`,`formcontrolmaster`.`Query`) AS `Query`,if((isnull(`formcontrolmaster`.`FieldName`) or isnull(`formcontrolmaster`.`ComboQuery`)),`tablecontrolmaster`.`ComboQuery`,`formcontrolmaster`.`ComboQuery`) AS `ComboQuery`,if(isnull(`formcontrolmaster`.`FieldName`),NULL,`formcontrolmaster`.`onchange`) AS `onchange`,if(isnull(`formcontrolmaster`.`FieldName`),NULL,`formcontrolmaster`.`Aggregate`) AS `Aggregate`,if(isnull(`formcontrolmaster`.`FieldName`),NULL,`formcontrolmaster`.`WhereCondition`) AS `WhereCondition`,if(isnull(`formcontrolmaster`.`FieldName`),NULL,`formcontrolmaster`.`DefaultData`) AS `DefaultData`,if(isnull(`formcontrolmaster`.`FieldName`),NULL,`formcontrolmaster`.`SelectField`) AS `SelectField`,if(isnull(`formcontrolmaster`.`FieldName`),NULL,`formcontrolmaster`.`filter`) AS `filter`,`tablecontrolmaster`.`OrderNum` AS `orderNum` from ((`tablecontrolmaster` join `formtable` on((`formtable`.`TableMasterId` = `tablecontrolmaster`.`TableMasterId`))) left join `formcontrolmaster` on(((`formcontrolmaster`.`FormTableId` = `formtable`.`FormTableId`) and (`formcontrolmaster`.`FieldName` = `tablecontrolmaster`.`FieldName`)))) */;
/*!50001 SET character_set_client      = @saved_cs_client */;
/*!50001 SET character_set_results     = @saved_cs_results */;
/*!50001 SET collation_connection      = @saved_col_connection */;

--
-- Final view structure for view `vwitemdetails`
--

/*!50001 DROP VIEW IF EXISTS `vwitemdetails`*/;
/*!50001 SET @saved_cs_client          = @@character_set_client */;
/*!50001 SET @saved_cs_results         = @@character_set_results */;
/*!50001 SET @saved_col_connection     = @@collation_connection */;
/*!50001 SET character_set_client      = utf8 */;
/*!50001 SET character_set_results     = utf8 */;
/*!50001 SET collation_connection      = utf8_general_ci */;
/*!50001 CREATE ALGORITHM=UNDEFINED */
/*!50013 DEFINER=`root`@`localhost` SQL SECURITY DEFINER */
/*!50001 VIEW `vwitemdetails` AS select `t`.`BillNo` AS `BillNo`,`t`.`BillDate` AS `BillDate`,`a`.`AccountName` AS `accountName`,if((`v`.`InOutValue` = 1),`td`.`TotalQuantity`,0) AS `Inward`,if((`v`.`InOutValue` = -(1)),`td`.`TotalQuantity`,0) AS `OutWard`,(`td`.`TotalQuantity` * `v`.`InOutValue`) AS `Stock`,`td`.`Amount` AS `Amount`,`td`.`ItemMasterId` AS `ItemMasterId`,`v`.`TemplateName` AS `TemplateName`,`v`.`VoucherTypeId` AS `VoucherTypeId`,`t`.`TranId` AS `TranId`,`m`.`MenuMasterId` AS `MenuMasterId` from ((((`trandetails` `td` join `tran` `t` on((`t`.`TranId` = `td`.`TranId`))) join `vouchertype` `v` on((`v`.`VoucherTypeId` = `t`.`VoucherTypeId`))) join `accountmaster` `a` on((`a`.`AccountMasterId` = `t`.`AccountMasterId`))) join `menumaster` `m` on((`m`.`VoucherTypeId` = `t`.`VoucherTypeId`))) */;
/*!50001 SET character_set_client      = @saved_cs_client */;
/*!50001 SET character_set_results     = @saved_cs_results */;
/*!50001 SET collation_connection      = @saved_col_connection */;

--
-- Final view structure for view `vwitemmaster`
--

/*!50001 DROP VIEW IF EXISTS `vwitemmaster`*/;
/*!50001 SET @saved_cs_client          = @@character_set_client */;
/*!50001 SET @saved_cs_results         = @@character_set_results */;
/*!50001 SET @saved_col_connection     = @@collation_connection */;
/*!50001 SET character_set_client      = utf8 */;
/*!50001 SET character_set_results     = utf8 */;
/*!50001 SET collation_connection      = utf8_general_ci */;
/*!50001 CREATE ALGORITHM=UNDEFINED */
/*!50013 DEFINER=`root`@`localhost` SQL SECURITY DEFINER */
/*!50001 VIEW `vwitemmaster` AS select `itemmaster`.`ItemMasterId` AS `ItemMasterId`,`itemmaster`.`ItemName` AS `ItemName`,`itemmaster`.`PurRate` AS `PurRate`,`itemmaster`.`SaleRate` AS `SaleRate`,`itemmaster`.`QuantityTypeId` AS `QuantityTypeId`,`qt`.`Name` AS `QuantityTypeName`,(select sum((`td`.`TotalQuantity` * `v`.`InOutValue`)) from ((`trandetails` `td` join `tran` `t` on((`t`.`TranId` = `td`.`TranId`))) join `vouchertype` `v` on((`v`.`VoucherTypeId` = `t`.`VoucherTypeId`))) where (`td`.`ItemMasterId` = `itemmaster`.`ItemMasterId`)) AS `Stock` from (`itemmaster` join `quantitytype` `qt` on((`qt`.`QuantityTypeId` = `itemmaster`.`QuantityTypeId`))) */;
/*!50001 SET character_set_client      = @saved_cs_client */;
/*!50001 SET character_set_results     = @saved_cs_results */;
/*!50001 SET collation_connection      = @saved_col_connection */;

--
-- Final view structure for view `vwtranscation`
--

/*!50001 DROP VIEW IF EXISTS `vwtranscation`*/;
/*!50001 SET @saved_cs_client          = @@character_set_client */;
/*!50001 SET @saved_cs_results         = @@character_set_results */;
/*!50001 SET @saved_col_connection     = @@collation_connection */;
/*!50001 SET character_set_client      = utf8 */;
/*!50001 SET character_set_results     = utf8 */;
/*!50001 SET collation_connection      = utf8_general_ci */;
/*!50001 CREATE ALGORITHM=UNDEFINED */
/*!50013 DEFINER=`root`@`localhost` SQL SECURITY DEFINER */
/*!50001 VIEW `vwtranscation` AS select `t`.`TranId` AS `TranId`,`t`.`BillDate` AS `BillDate`,`t`.`BillNo` AS `BillNo`,`t`.`VoucherTypeId` AS `VoucherTypeId`,ifnull(`a`.`AccountName`,'') AS `AccountName`,`a`.`Address` AS `Address`,`v`.`Name` AS `VoucherName`,`v`.`TemplateName` AS `TemplateName`,`v`.`PrintTemplateName` AS `PrintTemplateName`,`m`.`MenuMasterId` AS `MenuMasterId`,`t`.`Total` AS `Total`,`t`.`Remarks` AS `Remarks` from (((`tran` `t` left join `accountmaster` `a` on((`t`.`AccountMasterId` = `a`.`AccountMasterId`))) join `vouchertype` `v` on((`v`.`VoucherTypeId` = `t`.`VoucherTypeId`))) join `menumaster` `m` on((`m`.`VoucherTypeId` = `t`.`VoucherTypeId`))) */;
/*!50001 SET character_set_client      = @saved_cs_client */;
/*!50001 SET character_set_results     = @saved_cs_results */;
/*!50001 SET collation_connection      = @saved_col_connection */;
/*!40103 SET TIME_ZONE=@OLD_TIME_ZONE */;

/*!40101 SET SQL_MODE=@OLD_SQL_MODE */;
/*!40014 SET FOREIGN_KEY_CHECKS=@OLD_FOREIGN_KEY_CHECKS */;
/*!40014 SET UNIQUE_CHECKS=@OLD_UNIQUE_CHECKS */;
/*!40101 SET CHARACTER_SET_CLIENT=@OLD_CHARACTER_SET_CLIENT */;
/*!40101 SET CHARACTER_SET_RESULTS=@OLD_CHARACTER_SET_RESULTS */;
/*!40101 SET COLLATION_CONNECTION=@OLD_COLLATION_CONNECTION */;
/*!40111 SET SQL_NOTES=@OLD_SQL_NOTES */;

-- Dump completed on 2019-04-16 16:21:38
